matchid,match,teamInnings,battingPos,batsmanName,runs,balls,fours,sixes,out/not_out,out,sr
T20 #1,Super Kings vs Titans,Super Kings,2,Devon Conway,1,6,0,0,out,1,16.67
T20 #1,Super Kings vs Titans,Super Kings,3,Ruturaj Gaikwad,92,50,4,9,out,1,184
T20 #1,Super Kings vs Titans,Super Kings,4,Moeen Ali,23,17,4,1,out,1,135.29
T20 #1,Super Kings vs Titans,Super Kings,5,Ben Stokes,7,6,1,0,out,1,116.67
T20 #1,Super Kings vs Titans,Super Kings,6,Ambati Rayudu,12,12,0,1,out,1,100
T20 #1,Super Kings vs Titans,Super Kings,7,Shivam Dube,19,18,0,1,out,1,105.56
T20 #1,Super Kings vs Titans,Super Kings,8,Ravindra Jadeja,1,2,0,0,out,1,50
T20 #1,Super Kings vs Titans,Super Kings,9,MS Dhoni,14,7,1,1,not_out,0,200
T20 #1,Super Kings vs Titans,Super Kings,10,Mitchell Santner,1,3,0,0,not_out,0,33.33
T20 #1,Super Kings vs Titans,Titans,2,Wriddhiman Saha,25,16,2,2,out,1,156.25
T20 #1,Super Kings vs Titans,Titans,3,Shubman Gill,63,36,6,3,out,1,175
T20 #1,Super Kings vs Titans,Titans,4,Sai Sudharsan,22,17,3,0,out,1,129.41
T20 #1,Super Kings vs Titans,Titans,5,Hardik Pandya,8,11,0,0,out,1,72.73
T20 #1,Super Kings vs Titans,Titans,6,Vijay Shankar,27,21,2,1,out,1,128.57
T20 #1,Super Kings vs Titans,Titans,7,Rahul Tewatia,15,14,1,1,not_out,0,107.14
T20 #1,Super Kings vs Titans,Titans,8,Rashid Khan,10,3,1,1,not_out,0,333.33
T20 #2,Punjab Kings vs KKR,Punjab Kings,2,Prabhsimran Singh,23,12,2,2,out,1,191.67
T20 #2,Punjab Kings vs KKR,Punjab Kings,3,Shikhar Dhawan,40,29,6,0,out,1,137.93
T20 #2,Punjab Kings vs KKR,Punjab Kings,4,Bhanuka Rajapaksa,50,32,5,2,out,1,156.25
T20 #2,Punjab Kings vs KKR,Punjab Kings,5,Jitesh Sharma,21,11,1,2,out,1,190.91
T20 #2,Punjab Kings vs KKR,Punjab Kings,6,Sikandar Raza,16,13,1,1,out,1,123.08
T20 #2,Punjab Kings vs KKR,Punjab Kings,7,Sam Curran,26,17,0,2,not_out,0,152.94
T20 #2,Punjab Kings vs KKR,Punjab Kings,8,M Shahrukh Khan,11,7,2,0,not_out,0,157.14
T20 #2,Punjab Kings vs KKR,KKR,2,Mandeep Singh,2,4,0,0,out,1,50
T20 #2,Punjab Kings vs KKR,KKR,3,Rahmanullah Gurbaz,22,16,3,1,out,1,137.5
T20 #2,Punjab Kings vs KKR,KKR,4,Anukul Roy,4,5,1,0,out,1,80
T20 #2,Punjab Kings vs KKR,KKR,5,Venkatesh Iyer,34,28,3,1,out,1,121.43
T20 #2,Punjab Kings vs KKR,KKR,6,Nitish Rana,24,17,3,1,out,1,141.18
T20 #2,Punjab Kings vs KKR,KKR,7,Rinku Singh,4,4,0,0,out,1,100
T20 #2,Punjab Kings vs KKR,KKR,8,Andre Russell,35,19,3,2,out,1,184.21
T20 #2,Punjab Kings vs KKR,KKR,9,Shardul Thakur,8,3,0,1,not_out,0,266.67
T20 #2,Punjab Kings vs KKR,KKR,10,Sunil Narine,7,2,0,1,not_out,0,350
T20 #3,Super Giants vs Capitals,Super Giants,2,KL Rahul,8,12,0,1,out,1,66.67
T20 #3,Super Giants vs Capitals,Super Giants,3,Kyle Mayers,73,38,2,7,out,1,192.11
T20 #3,Super Giants vs Capitals,Super Giants,4,Deepak Hooda,17,18,0,0,out,1,94.44
T20 #3,Super Giants vs Capitals,Super Giants,5,Krunal Pandya,15,13,0,1,not_out,0,115.38
T20 #3,Super Giants vs Capitals,Super Giants,6,Marcus Stoinis,12,10,0,1,out,1,120
T20 #3,Super Giants vs Capitals,Super Giants,7,Nicholas Pooran,36,21,2,3,out,1,171.43
T20 #3,Super Giants vs Capitals,Super Giants,8,Ayush Badoni,18,7,1,2,out,1,257.14
T20 #3,Super Giants vs Capitals,Super Giants,9,Krishnappa Gowtham,6,1,0,1,not_out,0,600
T20 #3,Super Giants vs Capitals,Capitals,2,Prithvi Shaw,12,9,2,0,out,1,133.33
T20 #3,Super Giants vs Capitals,Capitals,3,David Warner,56,48,7,0,out,1,116.67
T20 #3,Super Giants vs Capitals,Capitals,4,Mitchell Marsh,0,1,0,0,out,1,0
T20 #3,Super Giants vs Capitals,Capitals,5,Sarfaraz Khan,4,9,1,0,out,1,44.44
T20 #3,Super Giants vs Capitals,Capitals,6,Rilee Rossouw,30,20,3,1,out,1,150
T20 #3,Super Giants vs Capitals,Capitals,7,Rovman Powell,1,3,0,0,out,1,33.33
T20 #3,Super Giants vs Capitals,Capitals,8,Aman Hakim Khan,4,5,0,0,out,1,80
T20 #3,Super Giants vs Capitals,Capitals,9,Axar Patel,16,11,1,1,out,1,145.45
T20 #3,Super Giants vs Capitals,Capitals,10,Kuldeep Yadav,6,10,0,0,not_out,0,60
T20 #3,Super Giants vs Capitals,Capitals,11,Chetan Sakariya,4,4,1,0,out,1,100
T20 #3,Super Giants vs Capitals,Capitals,12,Mukesh Kumar,0,1,0,0,not_out,0,0
T20 #4,Royals vs Sunrisers,Royals,2,Yashasvi Jaiswal,54,37,9,0,out,1,145.95
T20 #4,Royals vs Sunrisers,Royals,3,Jos Buttler,54,22,7,3,out,1,245.45
T20 #4,Royals vs Sunrisers,Royals,4,Sanju Samson,55,32,3,4,out,1,171.88
T20 #4,Royals vs Sunrisers,Royals,5,Devdutt Padikkal,2,5,0,0,out,1,40
T20 #4,Royals vs Sunrisers,Royals,6,Riyan Parag,7,6,1,0,out,1,116.67
T20 #4,Royals vs Sunrisers,Royals,7,Shimron Hetmyer,22,16,1,1,not_out,0,137.5
T20 #4,Royals vs Sunrisers,Royals,8,Ravichandran Ashwin,1,2,0,0,not_out,0,50
T20 #4,Royals vs Sunrisers,Sunrisers,2,Abhishek Sharma,0,3,0,0,out,1,0
T20 #4,Royals vs Sunrisers,Sunrisers,3,Mayank Agarwal,27,23,3,0,out,1,117.39
T20 #4,Royals vs Sunrisers,Sunrisers,4,Rahul Tripathi,0,2,0,0,out,1,0
T20 #4,Royals vs Sunrisers,Sunrisers,5,Harry Brook,13,21,1,0,out,1,61.9
T20 #4,Royals vs Sunrisers,Sunrisers,6,Washington Sundar,1,5,0,0,out,1,20
T20 #4,Royals vs Sunrisers,Sunrisers,7,Glenn Phillips,8,6,0,1,out,1,133.33
T20 #4,Royals vs Sunrisers,Sunrisers,8,Abdul Samad,32,32,2,1,not_out,0,100
T20 #4,Royals vs Sunrisers,Sunrisers,9,Adil Rashid,18,13,1,1,out,1,138.46
T20 #4,Royals vs Sunrisers,Sunrisers,10,Bhuvneshwar Kumar,6,10,0,0,out,1,60
T20 #4,Royals vs Sunrisers,Sunrisers,11,Umran Malik,19,8,1,2,not_out,0,237.5
T20 #5,Mumbai vs RCB,Mumbai,2,Rohit Sharma,1,10,0,0,out,1,10
T20 #5,Mumbai vs RCB,Mumbai,3,Ishan Kishan,10,13,2,0,out,1,76.92
T20 #5,Mumbai vs RCB,Mumbai,4,Cameron Green,5,4,1,0,out,1,125
T20 #5,Mumbai vs RCB,Mumbai,5,Suryakumar Yadav,15,16,1,0,out,1,93.75
T20 #5,Mumbai vs RCB,Mumbai,6,Tilak Varma,84,46,9,4,not_out,0,182.61
T20 #5,Mumbai vs RCB,Mumbai,7,Nehal Wadhera,21,13,1,2,out,1,161.54
T20 #5,Mumbai vs RCB,Mumbai,8,Tim David,4,7,0,0,out,1,57.14
T20 #5,Mumbai vs RCB,Mumbai,9,Hrithik Shokeen,5,3,1,0,out,1,166.67
T20 #5,Mumbai vs RCB,Mumbai,10,Arshad Khan,15,9,0,1,not_out,0,166.67
T20 #5,Mumbai vs RCB,RCB,2,Virat Kohli,82,49,6,5,not_out,0,167.35
T20 #5,Mumbai vs RCB,RCB,3,Faf du Plessis,73,43,5,6,out,1,169.77
T20 #5,Mumbai vs RCB,RCB,4,Dinesh Karthik,0,3,0,0,out,1,0
T20 #5,Mumbai vs RCB,RCB,5,Glenn Maxwell,12,3,0,2,not_out,0,400
T20 #6,Super Kings vs Super Giants,Super Kings,2,Ruturaj Gaikwad,57,31,3,4,out,1,183.87
T20 #6,Super Kings vs Super Giants,Super Kings,3,Devon Conway,47,29,5,2,out,1,162.07
T20 #6,Super Kings vs Super Giants,Super Kings,4,Shivam Dube,27,16,1,3,out,1,168.75
T20 #6,Super Kings vs Super Giants,Super Kings,5,Moeen Ali,19,13,3,0,out,1,146.15
T20 #6,Super Kings vs Super Giants,Super Kings,6,Ben Stokes,8,8,1,0,out,1,100
T20 #6,Super Kings vs Super Giants,Super Kings,7,Ambati Rayudu,27,14,2,2,not_out,0,192.86
T20 #6,Super Kings vs Super Giants,Super Kings,8,Ravindra Jadeja,3,6,0,0,out,1,50
T20 #6,Super Kings vs Super Giants,Super Kings,9,MS Dhoni,12,3,0,2,out,1,400
T20 #6,Super Kings vs Super Giants,Super Kings,10,Mitchell Santner,1,1,0,0,not_out,0,100
T20 #6,Super Kings vs Super Giants,Super Giants,2,KL Rahul,20,18,2,0,out,1,111.11
T20 #6,Super Kings vs Super Giants,Super Giants,3,Kyle Mayers,53,22,8,2,out,1,240.91
T20 #6,Super Kings vs Super Giants,Super Giants,4,Deepak Hooda,2,6,0,0,out,1,33.33
T20 #6,Super Kings vs Super Giants,Super Giants,5,Krunal Pandya,9,9,0,1,out,1,100
T20 #6,Super Kings vs Super Giants,Super Giants,6,Marcus Stoinis,21,18,0,1,out,1,116.67
T20 #6,Super Kings vs Super Giants,Super Giants,7,Nicholas Pooran,32,18,2,3,out,1,177.78
T20 #6,Super Kings vs Super Giants,Super Giants,8,Ayush Badoni,23,18,0,0,out,1,127.78
T20 #6,Super Kings vs Super Giants,Super Giants,9,Krishnappa Gowtham,17,11,0,1,not_out,0,154.55
T20 #6,Super Kings vs Super Giants,Super Giants,10,Mark Wood,10,3,1,1,not_out,0,333.33
T20 #7,Capitals vs Titans,Capitals,2,David Warner,37,32,7,0,out,1,115.62
T20 #7,Capitals vs Titans,Capitals,3,Prithvi Shaw,7,5,1,0,out,1,140
T20 #7,Capitals vs Titans,Capitals,4,Mitchell Marsh,4,4,1,0,out,1,100
T20 #7,Capitals vs Titans,Capitals,5,Sarfaraz Khan,30,34,2,0,out,1,88.24
T20 #7,Capitals vs Titans,Capitals,6,Rilee Rossouw,0,1,0,0,out,1,0
T20 #7,Capitals vs Titans,Capitals,7,Abishek Porel,20,11,0,2,out,1,181.82
T20 #7,Capitals vs Titans,Capitals,8,Axar Patel,36,22,2,3,out,1,163.64
T20 #7,Capitals vs Titans,Capitals,9,Aman Hakim Khan,8,8,0,1,out,1,100
T20 #7,Capitals vs Titans,Capitals,10,Kuldeep Yadav,1,1,0,0,not_out,0,100
T20 #7,Capitals vs Titans,Capitals,11,Anrich Nortje,4,2,1,0,not_out,0,200
T20 #7,Capitals vs Titans,Titans,2,Wriddhiman Saha,14,7,2,1,out,1,200
T20 #7,Capitals vs Titans,Titans,3,Shubman Gill,14,13,3,0,out,1,107.69
T20 #7,Capitals vs Titans,Titans,4,Sai Sudharsan,62,48,4,2,not_out,0,129.17
T20 #7,Capitals vs Titans,Titans,5,Hardik Pandya,5,4,1,0,out,1,125
T20 #7,Capitals vs Titans,Titans,6,Vijay Shankar,29,23,3,0,out,1,126.09
T20 #7,Capitals vs Titans,Titans,7,David Miller,31,16,2,2,not_out,0,193.75
T20 #8,Punjab Kings vs Royals,Punjab Kings,2,Prabhsimran Singh,60,34,7,3,out,1,176.47
T20 #8,Punjab Kings vs Royals,Punjab Kings,3,Shikhar Dhawan,86,56,9,3,not_out,0,153.57
T20 #8,Punjab Kings vs Royals,Punjab Kings,4,Bhanuka Rajapaksa,1,1,0,0,out,1,100
T20 #8,Punjab Kings vs Royals,Punjab Kings,5,Jitesh Sharma,27,16,2,1,out,1,168.75
T20 #8,Punjab Kings vs Royals,Punjab Kings,6,Sikandar Raza,1,2,0,0,out,1,50
T20 #8,Punjab Kings vs Royals,Punjab Kings,7,M Shahrukh Khan,11,10,1,0,out,1,110
T20 #8,Punjab Kings vs Royals,Punjab Kings,8,Sam Curran,1,2,0,0,not_out,0,50
T20 #8,Punjab Kings vs Royals,Royals,2,Yashasvi Jaiswal,11,8,1,1,out,1,137.5
T20 #8,Punjab Kings vs Royals,Royals,3,Ravichandran Ashwin,0,4,0,0,out,1,0
T20 #8,Punjab Kings vs Royals,Royals,4,Jos Buttler,19,11,1,1,out,1,172.73
T20 #8,Punjab Kings vs Royals,Royals,5,Sanju Samson,42,25,5,1,out,1,168
T20 #8,Punjab Kings vs Royals,Royals,6,Devdutt Padikkal,21,26,1,0,out,1,80.77
T20 #8,Punjab Kings vs Royals,Royals,7,Riyan Parag,20,12,1,2,out,1,166.67
T20 #8,Punjab Kings vs Royals,Royals,8,Shimron Hetmyer,36,18,1,3,out,1,200
T20 #8,Punjab Kings vs Royals,Royals,9,Dhruv Jurel,32,15,3,2,not_out,0,213.33
T20 #8,Punjab Kings vs Royals,Royals,10,Jason Holder,1,1,0,0,not_out,0,100
T20 #9,KKR vs RCB,KKR,2,Rahmanullah Gurbaz,57,44,6,3,out,1,129.55
T20 #9,KKR vs RCB,KKR,3,Venkatesh Iyer,3,7,0,0,out,1,42.86
T20 #9,KKR vs RCB,KKR,4,Mandeep Singh,0,1,0,0,out,1,0
T20 #9,KKR vs RCB,KKR,5,Nitish Rana,1,5,0,0,out,1,20
T20 #9,KKR vs RCB,KKR,6,Rinku Singh,46,33,2,3,out,1,139.39
T20 #9,KKR vs RCB,KKR,7,Andre Russell,0,1,0,0,out,1,0
T20 #9,KKR vs RCB,KKR,8,Shardul Thakur,68,29,9,3,out,1,234.48
T20 #9,KKR vs RCB,KKR,9,Sunil Narine,0,1,0,0,not_out,0,0
T20 #9,KKR vs RCB,KKR,10,Umesh Yadav,6,2,1,0,not_out,0,300
T20 #9,KKR vs RCB,RCB,2,Virat Kohli,21,18,3,0,out,1,116.67
T20 #9,KKR vs RCB,RCB,3,Faf du Plessis,23,12,2,2,out,1,191.67
T20 #9,KKR vs RCB,RCB,4,Michael Bracewell,19,18,1,1,out,1,105.56
T20 #9,KKR vs RCB,RCB,5,Glenn Maxwell,5,7,1,0,out,1,71.43
T20 #9,KKR vs RCB,RCB,6,Harshal Patel,0,2,0,0,out,1,0
T20 #9,KKR vs RCB,RCB,7,Shahbaz Ahmed,1,5,0,0,out,1,20
T20 #9,KKR vs RCB,RCB,8,Dinesh Karthik,9,8,1,0,out,1,112.5
T20 #9,KKR vs RCB,RCB,9,Anuj Rawat,1,5,0,0,out,1,20
T20 #9,KKR vs RCB,RCB,10,David Willey,20,20,2,0,not_out,0,100
T20 #9,KKR vs RCB,RCB,11,Karn Sharma,1,3,0,0,out,1,33.33
T20 #9,KKR vs RCB,RCB,12,Akash Deep,17,8,2,1,out,1,212.5
T20 #10,Sunrisers vs Super Giants,Sunrisers,2,Anmolpreet Singh,31,26,3,1,out,1,119.23
T20 #10,Sunrisers vs Super Giants,Sunrisers,3,Mayank Agarwal,8,7,1,0,out,1,114.29
T20 #10,Sunrisers vs Super Giants,Sunrisers,4,Rahul Tripathi,34,41,4,0,out,1,82.93
T20 #10,Sunrisers vs Super Giants,Sunrisers,5,Aiden Markram,0,1,0,0,out,1,0
T20 #10,Sunrisers vs Super Giants,Sunrisers,6,Harry Brook,3,4,0,0,out,1,75
T20 #10,Sunrisers vs Super Giants,Sunrisers,7,Washington Sundar,16,28,0,0,out,1,57.14
T20 #10,Sunrisers vs Super Giants,Sunrisers,8,Abdul Samad,21,10,1,2,not_out,0,210
T20 #10,Sunrisers vs Super Giants,Sunrisers,9,Adil Rashid,4,3,1,0,out,1,133.33
T20 #10,Sunrisers vs Super Giants,Sunrisers,10,Umran Malik,0,0,0,0,out,1,nan
T20 #10,Sunrisers vs Super Giants,Sunrisers,11,Bhuvneshwar Kumar,0,0,0,0,not_out,0,nan
T20 #10,Sunrisers vs Super Giants,Super Giants,2,Kyle Mayers,13,14,2,0,out,1,92.86
T20 #10,Sunrisers vs Super Giants,Super Giants,3,KL Rahul,35,31,4,0,out,1,112.9
T20 #10,Sunrisers vs Super Giants,Super Giants,4,Deepak Hooda,7,8,0,1,out,1,87.5
T20 #10,Sunrisers vs Super Giants,Super Giants,5,Krunal Pandya,34,23,4,1,out,1,147.83
T20 #10,Sunrisers vs Super Giants,Super Giants,6,Marcus Stoinis,10,13,2,0,not_out,0,76.92
T20 #10,Sunrisers vs Super Giants,Super Giants,7,Romario Shepherd,0,1,0,0,out,1,0
T20 #10,Sunrisers vs Super Giants,Super Giants,8,Nicholas Pooran,11,6,1,1,not_out,0,183.33
T20 #11,Royals vs Capitals,Royals,2,Yashasvi Jaiswal,60,31,11,1,out,1,193.55
T20 #11,Royals vs Capitals,Royals,3,Jos Buttler,79,51,11,1,out,1,154.9
T20 #11,Royals vs Capitals,Royals,4,Sanju Samson,0,4,0,0,out,1,0
T20 #11,Royals vs Capitals,Royals,5,Riyan Parag,7,11,0,0,out,1,63.64
T20 #11,Royals vs Capitals,Royals,6,Shimron Hetmyer,39,21,1,4,not_out,0,185.71
T20 #11,Royals vs Capitals,Royals,7,Dhruv Jurel,8,3,0,1,not_out,0,266.67
T20 #11,Royals vs Capitals,Capitals,2,Prithvi Shaw,0,3,0,0,out,1,0
T20 #11,Royals vs Capitals,Capitals,3,David Warner,65,55,7,0,out,1,118.18
T20 #11,Royals vs Capitals,Capitals,4,Manish Pandey,0,1,0,0,out,1,0
T20 #11,Royals vs Capitals,Capitals,5,Rilee Rossouw,14,12,2,0,out,1,116.67
T20 #11,Royals vs Capitals,Capitals,6,Lalit Yadav,38,24,5,0,out,1,158.33
T20 #11,Royals vs Capitals,Capitals,7,Axar Patel,2,6,0,0,out,1,33.33
T20 #11,Royals vs Capitals,Capitals,8,Rovman Powell,2,2,0,0,out,1,100
T20 #11,Royals vs Capitals,Capitals,9,Abishek Porel,7,9,1,0,out,1,77.78
T20 #11,Royals vs Capitals,Capitals,10,Kuldeep Yadav,3,7,0,0,not_out,0,42.86
T20 #11,Royals vs Capitals,Capitals,11,Anrich Nortje,0,1,0,0,out,1,0
T20 #11,Royals vs Capitals,Capitals,12,Mukesh Kumar,1,1,0,0,not_out,0,100
T20 #12,Mumbai vs Super Kings,Mumbai,2,Rohit Sharma,21,13,3,1,out,1,161.54
T20 #12,Mumbai vs Super Kings,Mumbai,3,Ishan Kishan,32,21,5,0,out,1,152.38
T20 #12,Mumbai vs Super Kings,Mumbai,4,Cameron Green,12,11,1,0,out,1,109.09
T20 #12,Mumbai vs Super Kings,Mumbai,5,Suryakumar Yadav,1,2,0,0,out,1,50
T20 #12,Mumbai vs Super Kings,Mumbai,6,Tilak Varma,22,18,2,1,out,1,122.22
T20 #12,Mumbai vs Super Kings,Mumbai,7,Arshad Khan,2,4,0,0,out,1,50
T20 #12,Mumbai vs Super Kings,Mumbai,8,Tim David,31,22,1,2,out,1,140.91
T20 #12,Mumbai vs Super Kings,Mumbai,9,Tristan Stubbs,5,10,0,0,out,1,50
T20 #12,Mumbai vs Super Kings,Mumbai,10,Hrithik Shokeen,18,13,3,0,not_out,0,138.46
T20 #12,Mumbai vs Super Kings,Mumbai,11,Piyush Chawla,5,6,0,0,not_out,0,83.33
T20 #12,Mumbai vs Super Kings,Super Kings,2,Devon Conway,0,4,0,0,out,1,0
T20 #12,Mumbai vs Super Kings,Super Kings,3,Ruturaj Gaikwad,40,36,2,1,not_out,0,111.11
T20 #12,Mumbai vs Super Kings,Super Kings,4,Ajinkya Rahane,61,27,7,3,out,1,225.93
T20 #12,Mumbai vs Super Kings,Super Kings,5,Shivam Dube,28,26,2,1,out,1,107.69
T20 #12,Mumbai vs Super Kings,Super Kings,6,Ambati Rayudu,20,16,3,0,not_out,0,125
T20 #13,Titans vs KKR,Titans,2,Wriddhiman Saha,17,17,3,0,out,1,100
T20 #13,Titans vs KKR,Titans,3,Shubman Gill,39,31,5,0,out,1,125.81
T20 #13,Titans vs KKR,Titans,4,Sai Sudharsan,53,38,3,2,out,1,139.47
T20 #13,Titans vs KKR,Titans,5,Abhinav Manohar,14,8,3,0,out,1,175
T20 #13,Titans vs KKR,Titans,6,Vijay Shankar,63,24,4,5,not_out,0,262.5
T20 #13,Titans vs KKR,Titans,7,David Miller,2,3,0,0,not_out,0,66.67
T20 #13,Titans vs KKR,KKR,2,Rahmanullah Gurbaz,15,12,1,1,out,1,125
T20 #13,Titans vs KKR,KKR,3,Narayan Jagadeesan,6,8,1,0,out,1,75
T20 #13,Titans vs KKR,KKR,4,Venkatesh Iyer,83,40,8,5,out,1,207.5
T20 #13,Titans vs KKR,KKR,5,Nitish Rana,45,29,4,3,out,1,155.17
T20 #13,Titans vs KKR,KKR,6,Rinku Singh,48,21,1,6,not_out,0,228.57
T20 #13,Titans vs KKR,KKR,7,Andre Russell,1,2,0,0,out,1,50
T20 #13,Titans vs KKR,KKR,8,Sunil Narine,0,1,0,0,out,1,0
T20 #13,Titans vs KKR,KKR,9,Shardul Thakur,0,1,0,0,out,1,0
T20 #13,Titans vs KKR,KKR,10,Umesh Yadav,5,6,0,0,not_out,0,83.33
T20 #14,Punjab Kings vs Sunrisers,Punjab Kings,2,Prabhsimran Singh,0,1,0,0,out,1,0
T20 #14,Punjab Kings vs Sunrisers,Punjab Kings,3,Shikhar Dhawan,99,66,12,5,not_out,0,150
T20 #14,Punjab Kings vs Sunrisers,Punjab Kings,4,Matthew Short,1,3,0,0,out,1,33.33
T20 #14,Punjab Kings vs Sunrisers,Punjab Kings,5,Jitesh Sharma,4,9,1,0,out,1,44.44
T20 #14,Punjab Kings vs Sunrisers,Punjab Kings,6,Sam Curran,22,15,3,1,out,1,146.67
T20 #14,Punjab Kings vs Sunrisers,Punjab Kings,7,Sikandar Raza,5,6,0,0,out,1,83.33
T20 #14,Punjab Kings vs Sunrisers,Punjab Kings,8,M Shahrukh Khan,4,3,1,0,out,1,133.33
T20 #14,Punjab Kings vs Sunrisers,Punjab Kings,9,Harpreet Brar,1,2,0,0,out,1,50
T20 #14,Punjab Kings vs Sunrisers,Punjab Kings,10,Rahul Chahar,0,8,0,0,out,1,0
T20 #14,Punjab Kings vs Sunrisers,Punjab Kings,11,Nathan Ellis,0,5,0,0,out,1,0
T20 #14,Punjab Kings vs Sunrisers,Punjab Kings,12,Mohit Rathee,1,2,0,0,not_out,0,50
T20 #14,Punjab Kings vs Sunrisers,Sunrisers,2,Harry Brook,13,14,3,0,out,1,92.86
T20 #14,Punjab Kings vs Sunrisers,Sunrisers,3,Mayank Agarwal,21,20,3,0,out,1,105
T20 #14,Punjab Kings vs Sunrisers,Sunrisers,4,Rahul Tripathi,74,48,10,3,not_out,0,154.17
T20 #14,Punjab Kings vs Sunrisers,Sunrisers,5,Aiden Markram,37,21,6,0,not_out,0,176.19
T20 #15,RCB vs Super Giants,RCB,2,Virat Kohli,61,44,4,4,out,1,138.64
T20 #15,RCB vs Super Giants,RCB,3,Faf du Plessis,79,46,5,5,not_out,0,171.74
T20 #15,RCB vs Super Giants,RCB,4,Glenn Maxwell,59,29,3,6,out,1,203.45
T20 #15,RCB vs Super Giants,RCB,5,Dinesh Karthik,1,1,0,0,not_out,0,100
T20 #15,RCB vs Super Giants,Super Giants,2,Kyle Mayers,0,3,0,0,out,1,0
T20 #15,RCB vs Super Giants,Super Giants,3,KL Rahul,18,20,1,0,out,1,90
T20 #15,RCB vs Super Giants,Super Giants,4,Deepak Hooda,9,10,1,0,out,1,90
T20 #15,RCB vs Super Giants,Super Giants,5,Krunal Pandya,0,2,0,0,out,1,0
T20 #15,RCB vs Super Giants,Super Giants,6,Marcus Stoinis,65,30,6,5,out,1,216.67
T20 #15,RCB vs Super Giants,Super Giants,7,Nicholas Pooran,62,19,4,7,out,1,326.32
T20 #15,RCB vs Super Giants,Super Giants,8,Ayush Badoni,30,24,4,0,out,1,125
T20 #15,RCB vs Super Giants,Super Giants,9,Jaydev Unadkat,9,7,1,0,out,1,128.57
T20 #15,RCB vs Super Giants,Super Giants,10,Mark Wood,1,2,0,0,out,1,50
T20 #15,RCB vs Super Giants,Super Giants,11,Ravi Bishnoi,3,2,0,0,not_out,0,150
T20 #15,RCB vs Super Giants,Super Giants,12,Avesh Khan,0,1,0,0,not_out,0,0
T20 #16,Capitals vs Mumbai,Capitals,2,David Warner,51,47,6,0,out,1,108.51
T20 #16,Capitals vs Mumbai,Capitals,3,Prithvi Shaw,15,10,3,0,out,1,150
T20 #16,Capitals vs Mumbai,Capitals,4,Manish Pandey,26,18,5,0,out,1,144.44
T20 #16,Capitals vs Mumbai,Capitals,5,Yash Dhull,2,4,0,0,out,1,50
T20 #16,Capitals vs Mumbai,Capitals,6,Rovman Powell,4,4,1,0,out,1,100
T20 #16,Capitals vs Mumbai,Capitals,7,Lalit Yadav,2,4,0,0,out,1,50
T20 #16,Capitals vs Mumbai,Capitals,8,Axar Patel,54,25,4,5,out,1,216
T20 #16,Capitals vs Mumbai,Capitals,9,Abishek Porel,1,3,0,0,out,1,33.33
T20 #16,Capitals vs Mumbai,Capitals,10,Kuldeep Yadav,0,1,0,0,out,1,0
T20 #16,Capitals vs Mumbai,Capitals,11,Anrich Nortje,5,3,1,0,out,1,166.67
T20 #16,Capitals vs Mumbai,Capitals,12,Mustafizur Rahman,1,1,0,0,not_out,0,100
T20 #16,Capitals vs Mumbai,Mumbai,2,Rohit Sharma,65,45,6,4,out,1,144.44
T20 #16,Capitals vs Mumbai,Mumbai,3,Ishan Kishan,31,26,6,0,out,1,119.23
T20 #16,Capitals vs Mumbai,Mumbai,4,Tilak Varma,41,29,1,4,out,1,141.38
T20 #16,Capitals vs Mumbai,Mumbai,5,Suryakumar Yadav,0,1,0,0,out,1,0
T20 #16,Capitals vs Mumbai,Mumbai,6,Tim David,13,11,0,1,not_out,0,118.18
T20 #16,Capitals vs Mumbai,Mumbai,7,Cameron Green,17,8,1,1,not_out,0,212.5
T20 #17,Royals vs Super Kings,Royals,2,Yashasvi Jaiswal,10,8,2,0,out,1,125
T20 #17,Royals vs Super Kings,Royals,3,Jos Buttler,52,36,1,3,out,1,144.44
T20 #17,Royals vs Super Kings,Royals,4,Devdutt Padikkal,38,26,5,0,out,1,146.15
T20 #17,Royals vs Super Kings,Royals,5,Sanju Samson,0,2,0,0,out,1,0
T20 #17,Royals vs Super Kings,Royals,6,Ravichandran Ashwin,30,22,1,2,out,1,136.36
T20 #17,Royals vs Super Kings,Royals,7,Shimron Hetmyer,30,18,2,2,not_out,0,166.67
T20 #17,Royals vs Super Kings,Royals,8,Dhruv Jurel,4,6,0,0,out,1,66.67
T20 #17,Royals vs Super Kings,Royals,9,Jason Holder,0,1,0,0,out,1,0
T20 #17,Royals vs Super Kings,Royals,10,Adam Zampa,1,1,0,0,out,1,100
T20 #17,Royals vs Super Kings,Super Kings,2,Ruturaj Gaikwad,8,10,1,0,out,1,80
T20 #17,Royals vs Super Kings,Super Kings,3,Devon Conway,50,38,6,0,out,1,131.58
T20 #17,Royals vs Super Kings,Super Kings,4,Ajinkya Rahane,31,19,2,1,out,1,163.16
T20 #17,Royals vs Super Kings,Super Kings,5,Shivam Dube,8,9,1,0,out,1,88.89
T20 #17,Royals vs Super Kings,Super Kings,6,Moeen Ali,7,10,0,0,out,1,70
T20 #17,Royals vs Super Kings,Super Kings,7,Ambati Rayudu,1,2,0,0,out,1,50
T20 #17,Royals vs Super Kings,Super Kings,8,Ravindra Jadeja,25,15,1,2,not_out,0,166.67
T20 #17,Royals vs Super Kings,Super Kings,9,MS Dhoni,32,17,1,3,not_out,0,188.24
T20 #18,Punjab Kings vs Titans,Punjab Kings,2,Prabhsimran Singh,0,2,0,0,out,1,0
T20 #18,Punjab Kings vs Titans,Punjab Kings,3,Shikhar Dhawan,8,8,2,0,out,1,100
T20 #18,Punjab Kings vs Titans,Punjab Kings,4,Matthew Short,36,24,6,1,out,1,150
T20 #18,Punjab Kings vs Titans,Punjab Kings,5,Bhanuka Rajapaksa,20,26,1,0,out,1,76.92
T20 #18,Punjab Kings vs Titans,Punjab Kings,6,Jitesh Sharma,25,23,5,0,out,1,108.7
T20 #18,Punjab Kings vs Titans,Punjab Kings,7,Sam Curran,22,22,1,1,out,1,100
T20 #18,Punjab Kings vs Titans,Punjab Kings,8,M Shahrukh Khan,22,9,1,2,out,1,244.44
T20 #18,Punjab Kings vs Titans,Punjab Kings,9,Harpreet Brar,8,5,0,1,not_out,0,160
T20 #18,Punjab Kings vs Titans,Punjab Kings,10,Rishi Dhawan,1,1,0,0,out,1,100
T20 #18,Punjab Kings vs Titans,Titans,2,Wriddhiman Saha,30,19,5,0,out,1,157.89
T20 #18,Punjab Kings vs Titans,Titans,3,Shubman Gill,67,49,7,1,out,1,136.73
T20 #18,Punjab Kings vs Titans,Titans,4,Sai Sudharsan,19,20,2,0,out,1,95
T20 #18,Punjab Kings vs Titans,Titans,5,Hardik Pandya,8,11,1,0,out,1,72.73
T20 #18,Punjab Kings vs Titans,Titans,6,David Miller,17,18,1,0,not_out,0,94.44
T20 #18,Punjab Kings vs Titans,Titans,7,Rahul Tewatia,5,2,1,0,not_out,0,250
T20 #19,Sunrisers vs KKR,Sunrisers,2,Harry Brook,100,55,12,3,not_out,0,181.82
T20 #19,Sunrisers vs KKR,Sunrisers,3,Mayank Agarwal,9,13,0,0,out,1,69.23
T20 #19,Sunrisers vs KKR,Sunrisers,4,Rahul Tripathi,9,4,2,0,out,1,225
T20 #19,Sunrisers vs KKR,Sunrisers,5,Aiden Markram,50,26,2,5,out,1,192.31
T20 #19,Sunrisers vs KKR,Sunrisers,6,Abhishek Sharma,32,17,3,2,out,1,188.24
T20 #19,Sunrisers vs KKR,Sunrisers,7,Heinrich Klaasen,16,6,2,1,not_out,0,266.67
T20 #19,Sunrisers vs KKR,KKR,2,Rahmanullah Gurbaz,0,3,0,0,out,1,0
T20 #19,Sunrisers vs KKR,KKR,3,Narayan Jagadeesan,36,21,5,1,out,1,171.43
T20 #19,Sunrisers vs KKR,KKR,4,Venkatesh Iyer,10,11,2,0,out,1,90.91
T20 #19,Sunrisers vs KKR,KKR,5,Sunil Narine,0,1,0,0,out,1,0
T20 #19,Sunrisers vs KKR,KKR,6,Nitish Rana,75,41,5,6,out,1,182.93
T20 #19,Sunrisers vs KKR,KKR,7,Andre Russell,3,6,0,0,out,1,50
T20 #19,Sunrisers vs KKR,KKR,8,Rinku Singh,58,31,4,4,not_out,0,187.1
T20 #19,Sunrisers vs KKR,KKR,9,Shardul Thakur,12,7,2,0,out,1,171.43
T20 #19,Sunrisers vs KKR,KKR,10,Umesh Yadav,1,1,0,0,not_out,0,100
T20 #20,RCB vs Capitals,RCB,2,Virat Kohli,50,34,6,1,out,1,147.06
T20 #20,RCB vs Capitals,RCB,3,Faf du Plessis,22,16,3,1,out,1,137.5
T20 #20,RCB vs Capitals,RCB,4,Mahipal Lomror,26,18,0,2,out,1,144.44
T20 #20,RCB vs Capitals,RCB,5,Glenn Maxwell,24,14,0,3,out,1,171.43
T20 #20,RCB vs Capitals,RCB,6,Harshal Patel,6,4,0,1,out,1,150
T20 #20,RCB vs Capitals,RCB,7,Shahbaz Ahmed,20,12,3,0,not_out,0,166.67
T20 #20,RCB vs Capitals,RCB,8,Dinesh Karthik,0,1,0,0,out,1,0
T20 #20,RCB vs Capitals,RCB,9,Anuj Rawat,15,22,1,0,not_out,0,68.18
T20 #20,RCB vs Capitals,Capitals,2,David Warner,19,13,4,0,out,1,146.15
T20 #20,RCB vs Capitals,Capitals,3,Prithvi Shaw,0,2,0,0,out,1,0
T20 #20,RCB vs Capitals,Capitals,4,Mitchell Marsh,0,4,0,0,out,1,0
T20 #20,RCB vs Capitals,Capitals,5,Yash Dhull,1,4,0,0,out,1,25
T20 #20,RCB vs Capitals,Capitals,6,Manish Pandey,50,38,5,1,out,1,131.58
T20 #20,RCB vs Capitals,Capitals,7,Abishek Porel,5,8,0,0,out,1,62.5
T20 #20,RCB vs Capitals,Capitals,8,Axar Patel,21,14,3,0,out,1,150
T20 #20,RCB vs Capitals,Capitals,9,Aman Hakim Khan,18,10,1,1,out,1,180
T20 #20,RCB vs Capitals,Capitals,10,Lalit Yadav,4,7,0,0,out,1,57.14
T20 #20,RCB vs Capitals,Capitals,11,Anrich Nortje,23,14,4,0,not_out,0,164.29
T20 #20,RCB vs Capitals,Capitals,12,Kuldeep Yadav,7,6,1,0,not_out,0,116.67
T20 #21,Super Giants vs Punjab Kings,Super Giants,2,KL Rahul,74,56,8,1,out,1,132.14
T20 #21,Super Giants vs Punjab Kings,Super Giants,3,Kyle Mayers,29,23,1,3,out,1,126.09
T20 #21,Super Giants vs Punjab Kings,Super Giants,4,Deepak Hooda,2,3,0,0,out,1,66.67
T20 #21,Super Giants vs Punjab Kings,Super Giants,5,Krunal Pandya,18,17,2,0,out,1,105.88
T20 #21,Super Giants vs Punjab Kings,Super Giants,6,Nicholas Pooran,0,1,0,0,out,1,0
T20 #21,Super Giants vs Punjab Kings,Super Giants,7,Marcus Stoinis,15,11,0,2,out,1,136.36
T20 #21,Super Giants vs Punjab Kings,Super Giants,8,Ayush Badoni,5,6,0,0,not_out,0,83.33
T20 #21,Super Giants vs Punjab Kings,Super Giants,9,Krishnappa Gowtham,1,2,0,0,out,1,50
T20 #21,Super Giants vs Punjab Kings,Super Giants,10,Yudhvir Singh,0,1,0,0,out,1,0
T20 #21,Super Giants vs Punjab Kings,Super Giants,11,Ravi Bishnoi,3,1,0,0,not_out,0,300
T20 #21,Super Giants vs Punjab Kings,Punjab Kings,2,Atharva Taide,0,3,0,0,out,1,0
T20 #21,Super Giants vs Punjab Kings,Punjab Kings,3,Prabhsimran Singh,4,4,1,0,out,1,100
T20 #21,Super Giants vs Punjab Kings,Punjab Kings,4,Matthew Short,34,22,5,1,out,1,154.55
T20 #21,Super Giants vs Punjab Kings,Punjab Kings,5,Harpreet Singh,22,22,3,0,out,1,100
T20 #21,Super Giants vs Punjab Kings,Punjab Kings,6,Sikandar Raza,57,41,4,3,out,1,139.02
T20 #21,Super Giants vs Punjab Kings,Punjab Kings,7,Sam Curran,6,6,1,0,out,1,100
T20 #21,Super Giants vs Punjab Kings,Punjab Kings,8,Jitesh Sharma,2,4,0,0,out,1,50
T20 #21,Super Giants vs Punjab Kings,Punjab Kings,9,M Shahrukh Khan,23,10,1,2,not_out,0,230
T20 #21,Super Giants vs Punjab Kings,Punjab Kings,10,Harpreet Brar,6,4,1,0,out,1,150
T20 #21,Super Giants vs Punjab Kings,Punjab Kings,11,Kagiso Rabada,0,1,0,0,not_out,0,0
T20 #22,KKR vs Mumbai,KKR,2,Rahmanullah Gurbaz,8,12,0,0,out,1,66.67
T20 #22,KKR vs Mumbai,KKR,3,Narayan Jagadeesan,0,5,0,0,out,1,0
T20 #22,KKR vs Mumbai,KKR,4,Venkatesh Iyer,104,51,6,9,out,1,203.92
T20 #22,KKR vs Mumbai,KKR,5,Nitish Rana,5,10,0,0,out,1,50
T20 #22,KKR vs Mumbai,KKR,6,Shardul Thakur,13,11,1,0,out,1,118.18
T20 #22,KKR vs Mumbai,KKR,7,Rinku Singh,18,18,2,0,out,1,100
T20 #22,KKR vs Mumbai,KKR,8,Andre Russell,21,11,3,1,not_out,0,190.91
T20 #22,KKR vs Mumbai,KKR,9,Sunil Narine,2,2,0,0,not_out,0,100
T20 #22,KKR vs Mumbai,Mumbai,2,Rohit Sharma,20,13,1,2,out,1,153.85
T20 #22,KKR vs Mumbai,Mumbai,3,Ishan Kishan,58,25,5,5,out,1,232
T20 #22,KKR vs Mumbai,Mumbai,4,Suryakumar Yadav,43,25,4,3,out,1,172
T20 #22,KKR vs Mumbai,Mumbai,5,Tilak Varma,30,25,3,1,out,1,120
T20 #22,KKR vs Mumbai,Mumbai,6,Tim David,24,13,1,2,not_out,0,184.62
T20 #22,KKR vs Mumbai,Mumbai,7,Nehal Wadhera,6,4,1,0,out,1,150
T20 #22,KKR vs Mumbai,Mumbai,8,Cameron Green,1,1,0,0,not_out,0,100
T20 #23,Titans vs Royals,Titans,2,Wriddhiman Saha,4,3,1,0,out,1,133.33
T20 #23,Titans vs Royals,Titans,3,Shubman Gill,45,34,4,1,out,1,132.35
T20 #23,Titans vs Royals,Titans,4,Sai Sudharsan,20,19,2,0,out,1,105.26
T20 #23,Titans vs Royals,Titans,5,Hardik Pandya,28,19,3,1,out,1,147.37
T20 #23,Titans vs Royals,Titans,6,David Miller,46,30,3,2,out,1,153.33
T20 #23,Titans vs Royals,Titans,7,Abhinav Manohar,27,13,0,3,out,1,207.69
T20 #23,Titans vs Royals,Titans,8,Rahul Tewatia,1,1,0,0,not_out,0,100
T20 #23,Titans vs Royals,Titans,9,Rashid Khan,1,1,0,0,out,1,100
T20 #23,Titans vs Royals,Titans,10,Alzarri Joseph,0,0,0,0,not_out,0,nan
T20 #23,Titans vs Royals,Royals,2,Yashasvi Jaiswal,1,7,0,0,out,1,14.29
T20 #23,Titans vs Royals,Royals,3,Jos Buttler,0,5,0,0,out,1,0
T20 #23,Titans vs Royals,Royals,4,Devdutt Padikkal,26,25,2,2,out,1,104
T20 #23,Titans vs Royals,Royals,5,Sanju Samson,60,32,3,6,out,1,187.5
T20 #23,Titans vs Royals,Royals,6,Riyan Parag,5,7,0,0,out,1,71.43
T20 #23,Titans vs Royals,Royals,7,Shimron Hetmyer,56,26,2,5,not_out,0,215.38
T20 #23,Titans vs Royals,Royals,8,Dhruv Jurel,18,10,2,1,out,1,180
T20 #23,Titans vs Royals,Royals,9,Ravichandran Ashwin,10,3,1,1,out,1,333.33
T20 #23,Titans vs Royals,Royals,10,Trent Boult,0,1,0,0,not_out,0,0
T20 #24,Super Kings vs RCB,Super Kings,2,Ruturaj Gaikwad,3,6,0,0,out,1,50
T20 #24,Super Kings vs RCB,Super Kings,3,Devon Conway,83,45,6,6,out,1,184.44
T20 #24,Super Kings vs RCB,Super Kings,4,Ajinkya Rahane,37,20,3,2,out,1,185
T20 #24,Super Kings vs RCB,Super Kings,5,Shivam Dube,52,27,2,5,out,1,192.59
T20 #24,Super Kings vs RCB,Super Kings,6,Ambati Rayudu,14,6,1,1,out,1,233.33
T20 #24,Super Kings vs RCB,Super Kings,7,Moeen Ali,19,9,0,2,not_out,0,211.11
T20 #24,Super Kings vs RCB,Super Kings,8,Ravindra Jadeja,10,8,0,1,out,1,125
T20 #24,Super Kings vs RCB,Super Kings,9,MS Dhoni,1,1,0,0,not_out,0,100
T20 #24,Super Kings vs RCB,RCB,2,Virat Kohli,6,4,1,0,out,1,150
T20 #24,Super Kings vs RCB,RCB,3,Faf du Plessis,62,33,5,4,out,1,187.88
T20 #24,Super Kings vs RCB,RCB,4,Mahipal Lomror,0,5,0,0,out,1,0
T20 #24,Super Kings vs RCB,RCB,5,Glenn Maxwell,76,36,3,8,out,1,211.11
T20 #24,Super Kings vs RCB,RCB,6,Shahbaz Ahmed,12,10,0,1,out,1,120
T20 #24,Super Kings vs RCB,RCB,7,Dinesh Karthik,28,14,3,1,out,1,200
T20 #24,Super Kings vs RCB,RCB,8,Suyash Prabhudessai,19,11,0,2,out,1,172.73
T20 #24,Super Kings vs RCB,RCB,9,Wayne Parnell,2,5,0,0,out,1,40
T20 #24,Super Kings vs RCB,RCB,10,Wanindu Hasaranga,2,2,0,0,not_out,0,100
T20 #25,Mumbai vs Sunrisers,Mumbai,2,Rohit Sharma,28,18,6,0,out,1,155.56
T20 #25,Mumbai vs Sunrisers,Mumbai,3,Ishan Kishan,38,31,3,2,out,1,122.58
T20 #25,Mumbai vs Sunrisers,Mumbai,4,Cameron Green,64,40,6,2,not_out,0,160
T20 #25,Mumbai vs Sunrisers,Mumbai,5,Suryakumar Yadav,7,3,0,1,out,1,233.33
T20 #25,Mumbai vs Sunrisers,Mumbai,6,Tilak Varma,37,17,2,4,out,1,217.65
T20 #25,Mumbai vs Sunrisers,Mumbai,7,Tim David,16,11,2,0,out,1,145.45
T20 #25,Mumbai vs Sunrisers,Sunrisers,2,Harry Brook,9,7,2,0,out,1,128.57
T20 #25,Mumbai vs Sunrisers,Sunrisers,3,Mayank Agarwal,48,41,4,1,out,1,117.07
T20 #25,Mumbai vs Sunrisers,Sunrisers,4,Rahul Tripathi,7,5,1,0,out,1,140
T20 #25,Mumbai vs Sunrisers,Sunrisers,5,Aiden Markram,22,17,1,1,out,1,129.41
T20 #25,Mumbai vs Sunrisers,Sunrisers,6,Abhishek Sharma,1,2,0,0,out,1,50
T20 #25,Mumbai vs Sunrisers,Sunrisers,7,Heinrich Klaasen,36,16,4,2,out,1,225
T20 #25,Mumbai vs Sunrisers,Sunrisers,8,Abdul Samad,9,12,1,0,out,1,75
T20 #25,Mumbai vs Sunrisers,Sunrisers,9,Marco Jansen,13,6,3,0,out,1,216.67
T20 #25,Mumbai vs Sunrisers,Sunrisers,10,Washington Sundar,10,6,2,0,out,1,166.67
T20 #25,Mumbai vs Sunrisers,Sunrisers,11,Bhuvneshwar Kumar,2,5,0,0,out,1,40
T20 #25,Mumbai vs Sunrisers,Sunrisers,12,Mayank Markande,2,2,0,0,not_out,0,100
T20 #26,Super Giants vs Royals,Super Giants,2,KL Rahul,39,32,4,1,out,1,121.88
T20 #26,Super Giants vs Royals,Super Giants,3,Kyle Mayers,51,42,4,3,out,1,121.43
T20 #26,Super Giants vs Royals,Super Giants,4,Ayush Badoni,1,4,0,0,out,1,25
T20 #26,Super Giants vs Royals,Super Giants,5,Deepak Hooda,2,4,0,0,out,1,50
T20 #26,Super Giants vs Royals,Super Giants,6,Marcus Stoinis,21,16,2,0,out,1,131.25
T20 #26,Super Giants vs Royals,Super Giants,7,Nicholas Pooran,29,20,2,1,out,1,145
T20 #26,Super Giants vs Royals,Super Giants,8,Krunal Pandya,4,2,1,0,not_out,0,200
T20 #26,Super Giants vs Royals,Super Giants,9,Yudhvir Singh,1,1,0,0,out,1,100
T20 #26,Super Giants vs Royals,Royals,2,Yashasvi Jaiswal,44,35,4,2,out,1,125.71
T20 #26,Super Giants vs Royals,Royals,3,Jos Buttler,40,41,4,1,out,1,97.56
T20 #26,Super Giants vs Royals,Royals,4,Sanju Samson,2,4,0,0,out,1,50
T20 #26,Super Giants vs Royals,Royals,5,Devdutt Padikkal,26,21,4,0,out,1,123.81
T20 #26,Super Giants vs Royals,Royals,6,Shimron Hetmyer,2,5,0,0,out,1,40
T20 #26,Super Giants vs Royals,Royals,7,Riyan Parag,15,12,1,1,not_out,0,125
T20 #26,Super Giants vs Royals,Royals,8,Dhruv Jurel,0,1,0,0,out,1,0
T20 #26,Super Giants vs Royals,Royals,9,Ravichandran Ashwin,3,2,0,0,not_out,0,150
T20 #27,RCB vs Punjab Kings,RCB,2,Virat Kohli,59,47,5,1,out,1,125.53
T20 #27,RCB vs Punjab Kings,RCB,3,Faf du Plessis,84,56,5,5,out,1,150
T20 #27,RCB vs Punjab Kings,RCB,4,Glenn Maxwell,0,1,0,0,out,1,0
T20 #27,RCB vs Punjab Kings,RCB,5,Dinesh Karthik,7,5,1,0,out,1,140
T20 #27,RCB vs Punjab Kings,RCB,6,Mahipal Lomror,7,9,1,0,not_out,0,77.78
T20 #27,RCB vs Punjab Kings,RCB,7,Shahbaz Ahmed,5,3,0,0,not_out,0,166.67
T20 #27,RCB vs Punjab Kings,Punjab Kings,2,Atharva Taide,4,2,1,0,out,1,200
T20 #27,RCB vs Punjab Kings,Punjab Kings,3,Prabhsimran Singh,46,30,3,4,out,1,153.33
T20 #27,RCB vs Punjab Kings,Punjab Kings,4,Matthew Short,8,7,0,1,out,1,114.29
T20 #27,RCB vs Punjab Kings,Punjab Kings,5,Liam Livingstone,2,4,0,0,out,1,50
T20 #27,RCB vs Punjab Kings,Punjab Kings,6,Harpreet Singh,13,9,1,1,out,1,144.44
T20 #27,RCB vs Punjab Kings,Punjab Kings,7,Sam Curran,10,12,1,0,out,1,83.33
T20 #27,RCB vs Punjab Kings,Punjab Kings,8,Jitesh Sharma,41,27,2,3,out,1,151.85
T20 #27,RCB vs Punjab Kings,Punjab Kings,9,M Shahrukh Khan,7,5,0,1,out,1,140
T20 #27,RCB vs Punjab Kings,Punjab Kings,10,Harpreet Brar,13,13,1,0,out,1,100
T20 #27,RCB vs Punjab Kings,Punjab Kings,11,Nathan Ellis,1,2,0,0,out,1,50
T20 #27,RCB vs Punjab Kings,Punjab Kings,12,Arshdeep Singh,0,0,0,0,not_out,0,nan
T20 #28,KKR vs Capitals,KKR,2,Jason Roy,43,39,5,1,out,1,110.26
T20 #28,KKR vs Capitals,KKR,3,Litton Das,4,4,1,0,out,1,100
T20 #28,KKR vs Capitals,KKR,4,Venkatesh Iyer,0,2,0,0,out,1,0
T20 #28,KKR vs Capitals,KKR,5,Nitish Rana,4,7,1,0,out,1,57.14
T20 #28,KKR vs Capitals,KKR,6,Mandeep Singh,12,11,0,1,out,1,109.09
T20 #28,KKR vs Capitals,KKR,7,Rinku Singh,6,8,1,0,out,1,75
T20 #28,KKR vs Capitals,KKR,8,Sunil Narine,4,6,1,0,out,1,66.67
T20 #28,KKR vs Capitals,KKR,9,Andre Russell,38,31,1,4,not_out,0,122.58
T20 #28,KKR vs Capitals,KKR,10,Anukul Roy,0,1,0,0,out,1,0
T20 #28,KKR vs Capitals,KKR,11,Umesh Yadav,3,5,0,0,out,1,60
T20 #28,KKR vs Capitals,KKR,12,Varun Chakravarthy,1,6,0,0,out,1,16.67
T20 #28,KKR vs Capitals,Capitals,2,David Warner,57,41,11,0,out,1,139.02
T20 #28,KKR vs Capitals,Capitals,3,Prithvi Shaw,13,11,2,0,out,1,118.18
T20 #28,KKR vs Capitals,Capitals,4,Mitchell Marsh,2,9,0,0,out,1,22.22
T20 #28,KKR vs Capitals,Capitals,5,Phil Salt,5,3,1,0,out,1,166.67
T20 #28,KKR vs Capitals,Capitals,6,Manish Pandey,21,23,2,0,out,1,91.3
T20 #28,KKR vs Capitals,Capitals,7,Axar Patel,19,22,1,0,not_out,0,86.36
T20 #28,KKR vs Capitals,Capitals,8,Aman Hakim Khan,0,2,0,0,out,1,0
T20 #28,KKR vs Capitals,Capitals,9,Lalit Yadav,4,7,0,0,not_out,0,57.14
T20 #29,Sunrisers vs Super Kings,Sunrisers,2,Harry Brook,18,13,3,0,out,1,138.46
T20 #29,Sunrisers vs Super Kings,Sunrisers,3,Abhishek Sharma,34,26,3,1,out,1,130.77
T20 #29,Sunrisers vs Super Kings,Sunrisers,4,Rahul Tripathi,21,21,1,1,out,1,100
T20 #29,Sunrisers vs Super Kings,Sunrisers,5,Aiden Markram,12,12,1,0,out,1,100
T20 #29,Sunrisers vs Super Kings,Sunrisers,6,Heinrich Klaasen,17,16,1,0,out,1,106.25
T20 #29,Sunrisers vs Super Kings,Sunrisers,7,Mayank Agarwal,2,4,0,0,out,1,50
T20 #29,Sunrisers vs Super Kings,Sunrisers,8,Marco Jansen,17,22,1,0,not_out,0,77.27
T20 #29,Sunrisers vs Super Kings,Sunrisers,9,Washington Sundar,9,6,1,0,out,1,150
T20 #29,Sunrisers vs Super Kings,Super Kings,2,Ruturaj Gaikwad,35,30,2,0,out,1,116.67
T20 #29,Sunrisers vs Super Kings,Super Kings,3,Devon Conway,77,57,12,1,not_out,0,135.09
T20 #29,Sunrisers vs Super Kings,Super Kings,4,Ajinkya Rahane,9,10,0,0,out,1,90
T20 #29,Sunrisers vs Super Kings,Super Kings,5,Ambati Rayudu,9,9,1,0,out,1,100
T20 #29,Sunrisers vs Super Kings,Super Kings,6,Moeen Ali,6,6,1,0,not_out,0,100
T20 #30,Titans vs Super Giants,Titans,2,Wriddhiman Saha,47,37,6,0,out,1,127.03
T20 #30,Titans vs Super Giants,Titans,3,Shubman Gill,0,2,0,0,out,1,0
T20 #30,Titans vs Super Giants,Titans,4,Hardik Pandya,66,50,2,4,out,1,132
T20 #30,Titans vs Super Giants,Titans,5,Abhinav Manohar,3,5,0,0,out,1,60
T20 #30,Titans vs Super Giants,Titans,6,Vijay Shankar,10,12,1,0,out,1,83.33
T20 #30,Titans vs Super Giants,Titans,7,David Miller,6,12,0,0,out,1,50
T20 #30,Titans vs Super Giants,Titans,8,Rahul Tewatia,2,2,0,0,not_out,0,100
T20 #30,Titans vs Super Giants,Super Giants,2,KL Rahul,68,61,8,0,out,1,111.48
T20 #30,Titans vs Super Giants,Super Giants,3,Kyle Mayers,24,19,2,1,out,1,126.32
T20 #30,Titans vs Super Giants,Super Giants,4,Krunal Pandya,23,23,2,1,out,1,100
T20 #30,Titans vs Super Giants,Super Giants,5,Nicholas Pooran,1,7,0,0,out,1,14.29
T20 #30,Titans vs Super Giants,Super Giants,6,Ayush Badoni,8,6,0,0,out,1,133.33
T20 #30,Titans vs Super Giants,Super Giants,7,Marcus Stoinis,0,1,0,0,out,1,0
T20 #30,Titans vs Super Giants,Super Giants,8,Deepak Hooda,2,2,0,0,out,1,100
T20 #30,Titans vs Super Giants,Super Giants,9,Prerak Mankad,0,0,0,0,not_out,0,nan
T20 #30,Titans vs Super Giants,Super Giants,10,Ravi Bishnoi,0,1,0,0,not_out,0,0
T20 #31,Punjab Kings vs Mumbai,Punjab Kings,2,Matthew Short,11,10,2,0,out,1,110
T20 #31,Punjab Kings vs Mumbai,Punjab Kings,3,Prabhsimran Singh,26,17,1,2,out,1,152.94
T20 #31,Punjab Kings vs Mumbai,Punjab Kings,4,Atharva Taide,29,17,3,1,out,1,170.59
T20 #31,Punjab Kings vs Mumbai,Punjab Kings,5,Liam Livingstone,10,12,0,1,out,1,83.33
T20 #31,Punjab Kings vs Mumbai,Punjab Kings,6,Harpreet Singh,41,28,4,2,out,1,146.43
T20 #31,Punjab Kings vs Mumbai,Punjab Kings,7,Sam Curran,55,29,5,4,out,1,189.66
T20 #31,Punjab Kings vs Mumbai,Punjab Kings,8,Jitesh Sharma,25,7,0,4,out,1,357.14
T20 #31,Punjab Kings vs Mumbai,Punjab Kings,9,M Shahrukh Khan,0,0,0,0,not_out,0,nan
T20 #31,Punjab Kings vs Mumbai,Punjab Kings,10,Harpreet Brar,5,2,1,0,out,1,250
T20 #31,Punjab Kings vs Mumbai,Mumbai,2,Rohit Sharma,44,27,4,3,out,1,162.96
T20 #31,Punjab Kings vs Mumbai,Mumbai,3,Ishan Kishan,1,4,0,0,out,1,25
T20 #31,Punjab Kings vs Mumbai,Mumbai,4,Cameron Green,67,43,6,3,out,1,155.81
T20 #31,Punjab Kings vs Mumbai,Mumbai,5,Suryakumar Yadav,57,26,7,3,out,1,219.23
T20 #31,Punjab Kings vs Mumbai,Mumbai,6,Tim David,25,13,0,2,not_out,0,192.31
T20 #31,Punjab Kings vs Mumbai,Mumbai,7,Tilak Varma,3,4,0,0,out,1,75
T20 #31,Punjab Kings vs Mumbai,Mumbai,8,Nehal Wadhera,0,1,0,0,out,1,0
T20 #31,Punjab Kings vs Mumbai,Mumbai,9,Jofra Archer,1,2,0,0,not_out,0,50
T20 #32,RCB vs Royals,RCB,2,Virat Kohli,0,1,0,0,out,1,0
T20 #32,RCB vs Royals,RCB,3,Faf du Plessis,62,39,8,2,out,1,158.97
T20 #32,RCB vs Royals,RCB,4,Shahbaz Ahmed,2,4,0,0,out,1,50
T20 #32,RCB vs Royals,RCB,5,Glenn Maxwell,77,44,6,4,out,1,175
T20 #32,RCB vs Royals,RCB,6,Mahipal Lomror,8,6,1,0,out,1,133.33
T20 #32,RCB vs Royals,RCB,7,Dinesh Karthik,16,13,2,0,out,1,123.08
T20 #32,RCB vs Royals,RCB,8,Suyash Prabhudessai,0,2,0,0,out,1,0
T20 #32,RCB vs Royals,RCB,9,Wanindu Hasaranga,6,7,0,0,out,1,85.71
T20 #32,RCB vs Royals,RCB,10,David Willey,4,2,1,0,not_out,0,200
T20 #32,RCB vs Royals,RCB,11,Vijaykumar Vyshak,0,1,0,0,out,1,0
T20 #32,RCB vs Royals,RCB,12,Mohammed Siraj,1,1,0,0,not_out,0,100
T20 #32,RCB vs Royals,Royals,2,Yashasvi Jaiswal,47,37,5,2,out,1,127.03
T20 #32,RCB vs Royals,Royals,3,Jos Buttler,0,2,0,0,out,1,0
T20 #32,RCB vs Royals,Royals,4,Devdutt Padikkal,52,34,7,1,out,1,152.94
T20 #32,RCB vs Royals,Royals,5,Sanju Samson,22,15,2,1,out,1,146.67
T20 #32,RCB vs Royals,Royals,6,Shimron Hetmyer,3,9,0,0,out,1,33.33
T20 #32,RCB vs Royals,Royals,7,Dhruv Jurel,34,16,2,2,not_out,0,212.5
T20 #32,RCB vs Royals,Royals,8,Ravichandran Ashwin,12,6,2,0,out,1,200
T20 #32,RCB vs Royals,Royals,9,Abdul Basith,1,1,0,0,not_out,0,100
T20 #33,Super Kings vs KKR,Super Kings,2,Ruturaj Gaikwad,35,20,2,3,out,1,175
T20 #33,Super Kings vs KKR,Super Kings,3,Devon Conway,56,40,4,3,out,1,140
T20 #33,Super Kings vs KKR,Super Kings,4,Ajinkya Rahane,71,29,6,5,not_out,0,244.83
T20 #33,Super Kings vs KKR,Super Kings,5,Shivam Dube,50,21,2,5,out,1,238.1
T20 #33,Super Kings vs KKR,Super Kings,6,Ravindra Jadeja,18,8,0,2,out,1,225
T20 #33,Super Kings vs KKR,Super Kings,7,MS Dhoni,2,3,0,0,not_out,0,66.67
T20 #33,Super Kings vs KKR,KKR,2,Narayan Jagadeesan,1,3,0,0,out,1,33.33
T20 #33,Super Kings vs KKR,KKR,3,Sunil Narine,0,3,0,0,out,1,0
T20 #33,Super Kings vs KKR,KKR,4,Venkatesh Iyer,20,20,2,1,out,1,100
T20 #33,Super Kings vs KKR,KKR,5,Nitish Rana,27,20,4,1,out,1,135
T20 #33,Super Kings vs KKR,KKR,6,Jason Roy,61,26,5,5,out,1,234.62
T20 #33,Super Kings vs KKR,KKR,7,Rinku Singh,53,33,3,4,not_out,0,160.61
T20 #33,Super Kings vs KKR,KKR,8,Andre Russell,9,6,0,1,out,1,150
T20 #33,Super Kings vs KKR,KKR,9,David Wiese,1,2,0,0,out,1,50
T20 #33,Super Kings vs KKR,KKR,10,Umesh Yadav,4,4,0,0,out,1,100
T20 #33,Super Kings vs KKR,KKR,11,Varun Chakravarthy,0,3,0,0,not_out,0,0
T20 #34,Capitals vs Sunrisers,Capitals,2,David Warner,21,20,2,1,out,1,105
T20 #34,Capitals vs Sunrisers,Capitals,3,Phil Salt,0,1,0,0,out,1,0
T20 #34,Capitals vs Sunrisers,Capitals,4,Mitchell Marsh,25,15,5,0,out,1,166.67
T20 #34,Capitals vs Sunrisers,Capitals,5,Sarfaraz Khan,10,9,0,1,out,1,111.11
T20 #34,Capitals vs Sunrisers,Capitals,6,Manish Pandey,34,27,2,0,out,1,125.93
T20 #34,Capitals vs Sunrisers,Capitals,7,Aman Hakim Khan,4,2,1,0,out,1,200
T20 #34,Capitals vs Sunrisers,Capitals,8,Axar Patel,34,34,4,0,out,1,100
T20 #34,Capitals vs Sunrisers,Capitals,9,Ripal Patel,5,6,0,0,out,1,83.33
T20 #34,Capitals vs Sunrisers,Capitals,10,Anrich Nortje,2,2,0,0,out,1,100
T20 #34,Capitals vs Sunrisers,Capitals,11,Kuldeep Yadav,4,3,1,0,not_out,0,133.33
T20 #34,Capitals vs Sunrisers,Capitals,12,Ishant Sharma,1,1,0,0,not_out,0,100
T20 #34,Capitals vs Sunrisers,Sunrisers,2,Harry Brook,7,14,0,0,out,1,50
T20 #34,Capitals vs Sunrisers,Sunrisers,3,Mayank Agarwal,49,39,7,0,out,1,125.64
T20 #34,Capitals vs Sunrisers,Sunrisers,4,Rahul Tripathi,15,21,0,0,out,1,71.43
T20 #34,Capitals vs Sunrisers,Sunrisers,5,Abhishek Sharma,5,5,0,0,out,1,100
T20 #34,Capitals vs Sunrisers,Sunrisers,6,Aiden Markram,3,5,0,0,out,1,60
T20 #34,Capitals vs Sunrisers,Sunrisers,7,Heinrich Klaasen,31,19,3,1,out,1,163.16
T20 #34,Capitals vs Sunrisers,Sunrisers,8,Washington Sundar,24,15,3,0,not_out,0,160
T20 #34,Capitals vs Sunrisers,Sunrisers,9,Marco Jansen,2,3,0,0,not_out,0,66.67
T20 #35,Titans vs Mumbai,Titans,2,Wriddhiman Saha,4,7,0,0,out,1,57.14
T20 #35,Titans vs Mumbai,Titans,3,Shubman Gill,56,34,7,1,out,1,164.71
T20 #35,Titans vs Mumbai,Titans,4,Hardik Pandya,13,14,1,0,out,1,92.86
T20 #35,Titans vs Mumbai,Titans,5,Vijay Shankar,19,16,1,1,out,1,118.75
T20 #35,Titans vs Mumbai,Titans,6,David Miller,46,22,2,4,out,1,209.09
T20 #35,Titans vs Mumbai,Titans,7,Abhinav Manohar,42,21,3,3,out,1,200
T20 #35,Titans vs Mumbai,Titans,8,Rahul Tewatia,20,5,0,3,not_out,0,400
T20 #35,Titans vs Mumbai,Titans,9,Rashid Khan,2,1,0,0,not_out,0,200
T20 #35,Titans vs Mumbai,Mumbai,2,Rohit Sharma,2,8,0,0,out,1,25
T20 #35,Titans vs Mumbai,Mumbai,3,Ishan Kishan,13,21,1,0,out,1,61.9
T20 #35,Titans vs Mumbai,Mumbai,4,Cameron Green,33,26,0,3,out,1,126.92
T20 #35,Titans vs Mumbai,Mumbai,5,Tilak Varma,2,3,0,0,out,1,66.67
T20 #35,Titans vs Mumbai,Mumbai,6,Suryakumar Yadav,23,12,3,1,out,1,191.67
T20 #35,Titans vs Mumbai,Mumbai,7,Tim David,0,2,0,0,out,1,0
T20 #35,Titans vs Mumbai,Mumbai,8,Nehal Wadhera,40,21,3,3,out,1,190.48
T20 #35,Titans vs Mumbai,Mumbai,9,Piyush Chawla,18,12,1,1,out,1,150
T20 #35,Titans vs Mumbai,Mumbai,10,Arjun Tendulkar,13,9,0,1,out,1,144.44
T20 #35,Titans vs Mumbai,Mumbai,11,Jason Behrendorff,3,4,0,0,not_out,0,75
T20 #35,Titans vs Mumbai,Mumbai,12,Riley Meredith,0,2,0,0,not_out,0,0
T20 #36,KKR vs RCB,KKR,2,Jason Roy,56,29,4,5,out,1,193.1
T20 #36,KKR vs RCB,KKR,3,Narayan Jagadeesan,27,29,4,0,out,1,93.1
T20 #36,KKR vs RCB,KKR,4,Venkatesh Iyer,31,26,3,0,out,1,119.23
T20 #36,KKR vs RCB,KKR,5,Nitish Rana,48,21,3,4,out,1,228.57
T20 #36,KKR vs RCB,KKR,6,Andre Russell,1,2,0,0,out,1,50
T20 #36,KKR vs RCB,KKR,7,Rinku Singh,18,10,2,1,not_out,0,180
T20 #36,KKR vs RCB,KKR,8,David Wiese,12,3,0,2,not_out,0,400
T20 #36,KKR vs RCB,RCB,2,Virat Kohli,54,37,6,0,out,1,145.95
T20 #36,KKR vs RCB,RCB,3,Faf du Plessis,17,7,1,2,out,1,242.86
T20 #36,KKR vs RCB,RCB,4,Shahbaz Ahmed,2,5,0,0,out,1,40
T20 #36,KKR vs RCB,RCB,5,Glenn Maxwell,5,4,1,0,out,1,125
T20 #36,KKR vs RCB,RCB,6,Mahipal Lomror,34,18,1,3,out,1,188.89
T20 #36,KKR vs RCB,RCB,7,Dinesh Karthik,22,18,1,1,out,1,122.22
T20 #36,KKR vs RCB,RCB,8,Suyash Prabhudessai,10,9,1,0,out,1,111.11
T20 #36,KKR vs RCB,RCB,9,Wanindu Hasaranga,5,4,0,0,out,1,125
T20 #36,KKR vs RCB,RCB,10,David Willey,11,10,1,0,not_out,0,110
T20 #36,KKR vs RCB,RCB,11,Vijaykumar Vyshak,13,8,0,1,not_out,0,162.5
T20 #37,Royals vs Super Kings,Royals,2,Yashasvi Jaiswal,77,43,8,4,out,1,179.07
T20 #37,Royals vs Super Kings,Royals,3,Jos Buttler,27,21,4,0,out,1,128.57
T20 #37,Royals vs Super Kings,Royals,4,Sanju Samson,17,17,1,0,out,1,100
T20 #37,Royals vs Super Kings,Royals,5,Shimron Hetmyer,8,10,0,0,out,1,80
T20 #37,Royals vs Super Kings,Royals,6,Dhruv Jurel,34,15,3,2,out,1,226.67
T20 #37,Royals vs Super Kings,Royals,7,Devdutt Padikkal,27,13,5,0,not_out,0,207.69
T20 #37,Royals vs Super Kings,Royals,8,Ravichandran Ashwin,1,1,0,0,not_out,0,100
T20 #37,Royals vs Super Kings,Super Kings,2,Ruturaj Gaikwad,47,29,5,1,out,1,162.07
T20 #37,Royals vs Super Kings,Super Kings,3,Devon Conway,8,16,1,0,out,1,50
T20 #37,Royals vs Super Kings,Super Kings,4,Ajinkya Rahane,15,13,0,0,out,1,115.38
T20 #37,Royals vs Super Kings,Super Kings,5,Shivam Dube,52,33,2,4,out,1,157.58
T20 #37,Royals vs Super Kings,Super Kings,6,Ambati Rayudu,0,2,0,0,out,1,0
T20 #37,Royals vs Super Kings,Super Kings,7,Moeen Ali,23,12,2,2,out,1,191.67
T20 #37,Royals vs Super Kings,Super Kings,8,Ravindra Jadeja,23,15,3,0,not_out,0,153.33
T20 #38,Super Giants vs Punjab Kings,Super Giants,2,KL Rahul,12,9,1,1,out,1,133.33
T20 #38,Super Giants vs Punjab Kings,Super Giants,3,Kyle Mayers,54,24,7,4,out,1,225
T20 #38,Super Giants vs Punjab Kings,Super Giants,4,Ayush Badoni,43,24,3,3,out,1,179.17
T20 #38,Super Giants vs Punjab Kings,Super Giants,5,Marcus Stoinis,72,40,6,5,out,1,180
T20 #38,Super Giants vs Punjab Kings,Super Giants,6,Nicholas Pooran,45,19,7,1,out,1,236.84
T20 #38,Super Giants vs Punjab Kings,Super Giants,7,Deepak Hooda,11,6,2,0,not_out,0,183.33
T20 #38,Super Giants vs Punjab Kings,Super Giants,8,Krunal Pandya,5,2,1,0,not_out,0,250
T20 #38,Super Giants vs Punjab Kings,Punjab Kings,2,Prabhsimran Singh,9,13,2,0,out,1,69.23
T20 #38,Super Giants vs Punjab Kings,Punjab Kings,3,Shikhar Dhawan,1,2,0,0,out,1,50
T20 #38,Super Giants vs Punjab Kings,Punjab Kings,4,Atharva Taide,66,36,8,2,out,1,183.33
T20 #38,Super Giants vs Punjab Kings,Punjab Kings,5,Sikandar Raza,36,22,4,1,out,1,163.64
T20 #38,Super Giants vs Punjab Kings,Punjab Kings,6,Liam Livingstone,23,14,2,1,out,1,164.29
T20 #38,Super Giants vs Punjab Kings,Punjab Kings,7,Sam Curran,21,11,2,1,out,1,190.91
T20 #38,Super Giants vs Punjab Kings,Punjab Kings,8,Jitesh Sharma,24,10,0,3,out,1,240
T20 #38,Super Giants vs Punjab Kings,Punjab Kings,9,M Shahrukh Khan,6,9,0,0,out,1,66.67
T20 #38,Super Giants vs Punjab Kings,Punjab Kings,10,Rahul Chahar,0,1,0,0,out,1,0
T20 #38,Super Giants vs Punjab Kings,Punjab Kings,11,Kagiso Rabada,0,1,0,0,out,1,0
T20 #38,Super Giants vs Punjab Kings,Punjab Kings,12,Arshdeep Singh,2,2,0,0,not_out,0,100
T20 #39,KKR vs Titans,KKR,2,Narayan Jagadeesan,19,15,4,0,out,1,126.67
T20 #39,KKR vs Titans,KKR,3,Rahmanullah Gurbaz,81,39,5,7,out,1,207.69
T20 #39,KKR vs Titans,KKR,4,Shardul Thakur,0,4,0,0,out,1,0
T20 #39,KKR vs Titans,KKR,5,Venkatesh Iyer,11,14,0,0,out,1,78.57
T20 #39,KKR vs Titans,KKR,6,Nitish Rana,4,3,1,0,out,1,133.33
T20 #39,KKR vs Titans,KKR,7,Rinku Singh,19,20,0,1,out,1,95
T20 #39,KKR vs Titans,KKR,8,Andre Russell,34,19,2,3,out,1,178.95
T20 #39,KKR vs Titans,KKR,9,David Wiese,8,6,0,1,not_out,0,133.33
T20 #39,KKR vs Titans,Titans,2,Wriddhiman Saha,10,10,1,0,out,1,100
T20 #39,KKR vs Titans,Titans,3,Shubman Gill,49,35,8,0,out,1,140
T20 #39,KKR vs Titans,Titans,4,Hardik Pandya,26,20,2,1,out,1,130
T20 #39,KKR vs Titans,Titans,5,Vijay Shankar,51,24,2,5,not_out,0,212.5
T20 #39,KKR vs Titans,Titans,6,David Miller,32,18,2,2,not_out,0,177.78
T20 #40,Sunrisers vs Capitals,Sunrisers,2,Abhishek Sharma,67,36,12,1,out,1,186.11
T20 #40,Sunrisers vs Capitals,Sunrisers,3,Mayank Agarwal,5,6,1,0,out,1,83.33
T20 #40,Sunrisers vs Capitals,Sunrisers,4,Rahul Tripathi,10,6,0,1,out,1,166.67
T20 #40,Sunrisers vs Capitals,Sunrisers,5,Aiden Markram,8,13,0,0,out,1,61.54
T20 #40,Sunrisers vs Capitals,Sunrisers,6,Harry Brook,0,2,0,0,out,1,0
T20 #40,Sunrisers vs Capitals,Sunrisers,7,Heinrich Klaasen,53,27,2,4,not_out,0,196.3
T20 #40,Sunrisers vs Capitals,Sunrisers,8,Abdul Samad,28,21,1,2,out,1,133.33
T20 #40,Sunrisers vs Capitals,Sunrisers,9,Akeal Hosein,16,10,1,1,not_out,0,160
T20 #40,Sunrisers vs Capitals,Capitals,2,David Warner,0,2,0,0,out,1,0
T20 #40,Sunrisers vs Capitals,Capitals,3,Phil Salt,59,35,9,0,out,1,168.57
T20 #40,Sunrisers vs Capitals,Capitals,4,Mitchell Marsh,63,39,1,6,out,1,161.54
T20 #40,Sunrisers vs Capitals,Capitals,5,Manish Pandey,1,3,0,0,out,1,33.33
T20 #40,Sunrisers vs Capitals,Capitals,6,Priyam Garg,12,9,1,0,out,1,133.33
T20 #40,Sunrisers vs Capitals,Capitals,7,Sarfaraz Khan,9,10,1,0,out,1,90
T20 #40,Sunrisers vs Capitals,Capitals,8,Axar Patel,29,14,1,2,not_out,0,207.14
T20 #40,Sunrisers vs Capitals,Capitals,9,Ripal Patel,11,8,1,0,not_out,0,137.5
T20 #41,Super Kings vs Punjab Kings,Super Kings,2,Ruturaj Gaikwad,37,31,4,1,out,1,119.35
T20 #41,Super Kings vs Punjab Kings,Super Kings,3,Devon Conway,92,52,16,1,not_out,0,176.92
T20 #41,Super Kings vs Punjab Kings,Super Kings,4,Shivam Dube,28,17,1,2,out,1,164.71
T20 #41,Super Kings vs Punjab Kings,Super Kings,5,Moeen Ali,10,6,2,0,out,1,166.67
T20 #41,Super Kings vs Punjab Kings,Super Kings,6,Ravindra Jadeja,12,10,0,0,out,1,120
T20 #41,Super Kings vs Punjab Kings,Super Kings,7,MS Dhoni,13,4,0,2,not_out,0,325
T20 #41,Super Kings vs Punjab Kings,Punjab Kings,2,Prabhsimran Singh,42,24,4,2,out,1,175
T20 #41,Super Kings vs Punjab Kings,Punjab Kings,3,Shikhar Dhawan,28,15,4,1,out,1,186.67
T20 #41,Super Kings vs Punjab Kings,Punjab Kings,4,Atharva Taide,13,17,0,0,out,1,76.47
T20 #41,Super Kings vs Punjab Kings,Punjab Kings,5,Liam Livingstone,40,24,1,4,out,1,166.67
T20 #41,Super Kings vs Punjab Kings,Punjab Kings,6,Sam Curran,29,20,1,1,out,1,145
T20 #41,Super Kings vs Punjab Kings,Punjab Kings,7,Jitesh Sharma,21,10,2,1,out,1,210
T20 #41,Super Kings vs Punjab Kings,Punjab Kings,8,M Shahrukh Khan,2,3,0,0,not_out,0,66.67
T20 #41,Super Kings vs Punjab Kings,Punjab Kings,9,Sikandar Raza,13,7,1,0,not_out,0,185.71
T20 #42,Royals vs Mumbai,Royals,2,Yashasvi Jaiswal,124,62,16,8,out,1,200
T20 #42,Royals vs Mumbai,Royals,3,Jos Buttler,18,19,2,1,out,1,94.74
T20 #42,Royals vs Mumbai,Royals,4,Sanju Samson,14,10,1,1,out,1,140
T20 #42,Royals vs Mumbai,Royals,5,Devdutt Padikkal,2,4,0,0,out,1,50
T20 #42,Royals vs Mumbai,Royals,6,Jason Holder,11,9,0,1,out,1,122.22
T20 #42,Royals vs Mumbai,Royals,7,Shimron Hetmyer,8,9,0,1,out,1,88.89
T20 #42,Royals vs Mumbai,Royals,8,Dhruv Jurel,2,3,0,0,out,1,66.67
T20 #42,Royals vs Mumbai,Royals,9,Ravichandran Ashwin,8,5,1,0,not_out,0,160
T20 #42,Royals vs Mumbai,Royals,10,Trent Boult,0,0,0,0,not_out,0,nan
T20 #42,Royals vs Mumbai,Mumbai,2,Rohit Sharma,3,5,0,0,out,1,60
T20 #42,Royals vs Mumbai,Mumbai,3,Ishan Kishan,28,23,4,0,out,1,121.74
T20 #42,Royals vs Mumbai,Mumbai,4,Cameron Green,44,26,4,2,out,1,169.23
T20 #42,Royals vs Mumbai,Mumbai,5,Suryakumar Yadav,55,29,8,2,out,1,189.66
T20 #42,Royals vs Mumbai,Mumbai,6,Tilak Varma,29,21,3,1,not_out,0,138.1
T20 #42,Royals vs Mumbai,Mumbai,7,Tim David,45,14,2,5,not_out,0,321.43
T20 #43,RCB vs Super Giants,RCB,2,Virat Kohli,31,30,3,0,out,1,103.33
T20 #43,RCB vs Super Giants,RCB,3,Faf du Plessis,44,40,1,1,out,1,110
T20 #43,RCB vs Super Giants,RCB,4,Anuj Rawat,9,11,0,0,out,1,81.82
T20 #43,RCB vs Super Giants,RCB,5,Glenn Maxwell,4,5,0,0,out,1,80
T20 #43,RCB vs Super Giants,RCB,6,Suyash Prabhudessai,6,7,0,0,out,1,85.71
T20 #43,RCB vs Super Giants,RCB,7,Dinesh Karthik,16,11,1,1,out,1,145.45
T20 #43,RCB vs Super Giants,RCB,8,Mahipal Lomror,3,4,0,0,out,1,75
T20 #43,RCB vs Super Giants,RCB,9,Wanindu Hasaranga,8,7,1,0,not_out,0,114.29
T20 #43,RCB vs Super Giants,RCB,10,Karn Sharma,2,2,0,0,out,1,100
T20 #43,RCB vs Super Giants,RCB,11,Mohammed Siraj,0,1,0,0,out,1,0
T20 #43,RCB vs Super Giants,RCB,12,Josh Hazlewood,1,2,0,0,not_out,0,50
T20 #43,RCB vs Super Giants,Super Giants,2,Kyle Mayers,0,2,0,0,out,1,0
T20 #43,RCB vs Super Giants,Super Giants,3,Ayush Badoni,4,11,0,0,out,1,36.36
T20 #43,RCB vs Super Giants,Super Giants,4,Krunal Pandya,14,11,3,0,out,1,127.27
T20 #43,RCB vs Super Giants,Super Giants,5,Deepak Hooda,1,2,0,0,out,1,50
T20 #43,RCB vs Super Giants,Super Giants,6,Marcus Stoinis,13,19,0,1,out,1,68.42
T20 #43,RCB vs Super Giants,Super Giants,7,Nicholas Pooran,9,7,0,1,out,1,128.57
T20 #43,RCB vs Super Giants,Super Giants,8,Krishnappa Gowtham,23,13,1,2,out,1,176.92
T20 #43,RCB vs Super Giants,Super Giants,9,Ravi Bishnoi,5,10,0,0,out,1,50
T20 #43,RCB vs Super Giants,Super Giants,10,Amit Mishra,19,30,2,0,out,1,63.33
T20 #43,RCB vs Super Giants,Super Giants,11,Naveen-ul-Haq,13,13,2,0,out,1,100
T20 #43,RCB vs Super Giants,Super Giants,12,KL Rahul,0,3,0,0,not_out,0,0
T20 #44,Capitals vs Titans,Capitals,2,Phil Salt,0,1,0,0,out,1,0
T20 #44,Capitals vs Titans,Capitals,3,David Warner,2,2,0,0,out,1,100
T20 #44,Capitals vs Titans,Capitals,4,Priyam Garg,10,14,0,0,out,1,71.43
T20 #44,Capitals vs Titans,Capitals,5,Rilee Rossouw,8,6,2,0,out,1,133.33
T20 #44,Capitals vs Titans,Capitals,6,Manish Pandey,1,4,0,0,out,1,25
T20 #44,Capitals vs Titans,Capitals,7,Axar Patel,27,30,2,1,out,1,90
T20 #44,Capitals vs Titans,Capitals,8,Aman Hakim Khan,51,44,3,3,out,1,115.91
T20 #44,Capitals vs Titans,Capitals,9,Ripal Patel,23,13,2,1,out,1,176.92
T20 #44,Capitals vs Titans,Capitals,10,Anrich Nortje,3,6,0,0,not_out,0,50
T20 #44,Capitals vs Titans,Capitals,11,Kuldeep Yadav,0,1,0,0,not_out,0,0
T20 #44,Capitals vs Titans,Titans,2,Wriddhiman Saha,0,6,0,0,out,1,0
T20 #44,Capitals vs Titans,Titans,3,Shubman Gill,6,7,1,0,out,1,85.71
T20 #44,Capitals vs Titans,Titans,4,Hardik Pandya,59,53,7,0,not_out,0,111.32
T20 #44,Capitals vs Titans,Titans,5,Vijay Shankar,6,9,1,0,out,1,66.67
T20 #44,Capitals vs Titans,Titans,6,David Miller,0,3,0,0,out,1,0
T20 #44,Capitals vs Titans,Titans,7,Abhinav Manohar,26,33,0,1,out,1,78.79
T20 #44,Capitals vs Titans,Titans,8,Rahul Tewatia,20,7,0,3,out,1,285.71
T20 #44,Capitals vs Titans,Titans,9,Rashid Khan,3,2,0,0,not_out,0,150
T20 #45,Punjab Kings vs Mumbai,Punjab Kings,2,Prabhsimran Singh,9,7,1,0,out,1,128.57
T20 #45,Punjab Kings vs Mumbai,Punjab Kings,3,Shikhar Dhawan,30,20,5,0,out,1,150
T20 #45,Punjab Kings vs Mumbai,Punjab Kings,4,Matthew Short,27,26,2,1,out,1,103.85
T20 #45,Punjab Kings vs Mumbai,Punjab Kings,5,Liam Livingstone,82,42,7,4,not_out,0,195.24
T20 #45,Punjab Kings vs Mumbai,Punjab Kings,6,Jitesh Sharma,49,27,5,2,not_out,0,181.48
T20 #45,Punjab Kings vs Mumbai,Mumbai,2,Rohit Sharma,0,3,0,0,out,1,0
T20 #45,Punjab Kings vs Mumbai,Mumbai,3,Ishan Kishan,75,41,7,4,out,1,182.93
T20 #45,Punjab Kings vs Mumbai,Mumbai,4,Cameron Green,23,18,4,0,out,1,127.78
T20 #45,Punjab Kings vs Mumbai,Mumbai,5,Suryakumar Yadav,66,31,8,2,out,1,212.9
T20 #45,Punjab Kings vs Mumbai,Mumbai,6,Tim David,19,10,3,0,not_out,0,190
T20 #45,Punjab Kings vs Mumbai,Mumbai,7,Tilak Varma,26,10,1,3,not_out,0,260
T20 #46,KKR vs Sunrisers,KKR,2,Jason Roy,20,19,4,0,out,1,105.26
T20 #46,KKR vs Sunrisers,KKR,3,Rahmanullah Gurbaz,0,1,0,0,out,1,0
T20 #46,KKR vs Sunrisers,KKR,4,Venkatesh Iyer,7,4,1,0,out,1,175
T20 #46,KKR vs Sunrisers,KKR,5,Nitish Rana,42,31,3,3,out,1,135.48
T20 #46,KKR vs Sunrisers,KKR,6,Rinku Singh,46,35,4,1,out,1,131.43
T20 #46,KKR vs Sunrisers,KKR,7,Andre Russell,24,15,1,2,out,1,160
T20 #46,KKR vs Sunrisers,KKR,8,Sunil Narine,1,2,0,0,out,1,50
T20 #46,KKR vs Sunrisers,KKR,9,Shardul Thakur,8,6,1,0,out,1,133.33
T20 #46,KKR vs Sunrisers,KKR,10,Anukul Roy,13,7,2,0,not_out,0,185.71
T20 #46,KKR vs Sunrisers,KKR,11,Harshit Rana,0,1,0,0,out,1,0
T20 #46,KKR vs Sunrisers,KKR,12,Vaibhav Arora,2,1,0,0,not_out,0,200
T20 #46,KKR vs Sunrisers,Sunrisers,2,Abhishek Sharma,9,10,1,0,out,1,90
T20 #46,KKR vs Sunrisers,Sunrisers,3,Mayank Agarwal,18,11,2,1,out,1,163.64
T20 #46,KKR vs Sunrisers,Sunrisers,4,Rahul Tripathi,20,9,3,1,out,1,222.22
T20 #46,KKR vs Sunrisers,Sunrisers,5,Aiden Markram,41,40,4,0,out,1,102.5
T20 #46,KKR vs Sunrisers,Sunrisers,6,Harry Brook,0,4,0,0,out,1,0
T20 #46,KKR vs Sunrisers,Sunrisers,7,Heinrich Klaasen,36,20,1,3,out,1,180
T20 #46,KKR vs Sunrisers,Sunrisers,8,Abdul Samad,21,18,3,0,out,1,116.67
T20 #46,KKR vs Sunrisers,Sunrisers,9,Marco Jansen,1,4,0,0,out,1,25
T20 #46,KKR vs Sunrisers,Sunrisers,10,Bhuvneshwar Kumar,5,5,1,0,not_out,0,100
T20 #46,KKR vs Sunrisers,Sunrisers,11,Mayank Markande,1,2,0,0,not_out,0,50
T20 #47,Royals vs Titans,Royals,2,Yashasvi Jaiswal,14,11,1,1,out,1,127.27
T20 #47,Royals vs Titans,Royals,3,Jos Buttler,8,6,2,0,out,1,133.33
T20 #47,Royals vs Titans,Royals,4,Sanju Samson,30,20,3,1,out,1,150
T20 #47,Royals vs Titans,Royals,5,Devdutt Padikkal,12,12,1,0,out,1,100
T20 #47,Royals vs Titans,Royals,6,Ravichandran Ashwin,2,6,0,0,out,1,33.33
T20 #47,Royals vs Titans,Royals,7,Riyan Parag,4,6,0,0,out,1,66.67
T20 #47,Royals vs Titans,Royals,8,Shimron Hetmyer,7,13,0,0,out,1,53.85
T20 #47,Royals vs Titans,Royals,9,Dhruv Jurel,9,8,1,0,out,1,112.5
T20 #47,Royals vs Titans,Royals,10,Trent Boult,15,11,1,1,out,1,136.36
T20 #47,Royals vs Titans,Royals,11,Adam Zampa,7,9,0,0,out,1,77.78
T20 #47,Royals vs Titans,Royals,12,Sandeep Sharma,2,5,0,0,not_out,0,40
T20 #47,Royals vs Titans,Titans,2,Wriddhiman Saha,41,34,5,0,not_out,0,120.59
T20 #47,Royals vs Titans,Titans,3,Shubman Gill,36,35,6,0,out,1,102.86
T20 #47,Royals vs Titans,Titans,4,Hardik Pandya,39,15,3,3,not_out,0,260
T20 #48,Mumbai vs Super Kings,Mumbai,2,Cameron Green,6,4,1,0,out,1,150
T20 #48,Mumbai vs Super Kings,Mumbai,3,Ishan Kishan,7,9,1,0,out,1,77.78
T20 #48,Mumbai vs Super Kings,Mumbai,4,Rohit Sharma,0,3,0,0,out,1,0
T20 #48,Mumbai vs Super Kings,Mumbai,5,Nehal Wadhera,64,51,8,1,out,1,125.49
T20 #48,Mumbai vs Super Kings,Mumbai,6,Suryakumar Yadav,26,22,3,0,out,1,118.18
T20 #48,Mumbai vs Super Kings,Mumbai,7,Tristan Stubbs,20,21,2,0,out,1,95.24
T20 #48,Mumbai vs Super Kings,Mumbai,8,Tim David,2,4,0,0,out,1,50
T20 #48,Mumbai vs Super Kings,Mumbai,9,Arshad Khan,1,2,0,0,out,1,50
T20 #48,Mumbai vs Super Kings,Mumbai,10,Jofra Archer,3,2,0,0,not_out,0,150
T20 #48,Mumbai vs Super Kings,Mumbai,11,Piyush Chawla,2,2,0,0,not_out,0,100
T20 #48,Mumbai vs Super Kings,Super Kings,2,Ruturaj Gaikwad,30,16,4,2,out,1,187.5
T20 #48,Mumbai vs Super Kings,Super Kings,3,Devon Conway,44,42,4,0,out,1,104.76
T20 #48,Mumbai vs Super Kings,Super Kings,4,Ajinkya Rahane,21,17,1,1,out,1,123.53
T20 #48,Mumbai vs Super Kings,Super Kings,5,Ambati Rayudu,12,11,0,1,out,1,109.09
T20 #48,Mumbai vs Super Kings,Super Kings,6,Shivam Dube,26,18,0,3,not_out,0,144.44
T20 #48,Mumbai vs Super Kings,Super Kings,7,MS Dhoni,2,3,0,0,not_out,0,66.67
T20 #49,RCB vs Capitals,RCB,2,Virat Kohli,55,46,5,0,out,1,119.57
T20 #49,RCB vs Capitals,RCB,3,Faf du Plessis,45,32,5,1,out,1,140.62
T20 #49,RCB vs Capitals,RCB,4,Glenn Maxwell,0,1,0,0,out,1,0
T20 #49,RCB vs Capitals,RCB,5,Mahipal Lomror,54,29,6,3,not_out,0,186.21
T20 #49,RCB vs Capitals,RCB,6,Dinesh Karthik,11,9,0,1,out,1,122.22
T20 #49,RCB vs Capitals,RCB,7,Anuj Rawat,8,3,0,1,not_out,0,266.67
T20 #49,RCB vs Capitals,Capitals,2,David Warner,22,14,3,1,out,1,157.14
T20 #49,RCB vs Capitals,Capitals,3,Phil Salt,87,45,8,6,out,1,193.33
T20 #49,RCB vs Capitals,Capitals,4,Mitchell Marsh,26,17,3,1,out,1,152.94
T20 #49,RCB vs Capitals,Capitals,5,Rilee Rossouw,35,22,1,3,not_out,0,159.09
T20 #49,RCB vs Capitals,Capitals,6,Axar Patel,8,3,0,1,not_out,0,266.67
T20 #50,Titans vs Super Giants,Titans,2,Wriddhiman Saha,81,43,10,4,out,1,188.37
T20 #50,Titans vs Super Giants,Titans,3,Shubman Gill,94,51,2,7,not_out,0,184.31
T20 #50,Titans vs Super Giants,Titans,4,Hardik Pandya,25,15,1,2,out,1,166.67
T20 #50,Titans vs Super Giants,Titans,5,David Miller,21,12,2,1,not_out,0,175
T20 #50,Titans vs Super Giants,Super Giants,2,Kyle Mayers,48,32,7,2,out,1,150
T20 #50,Titans vs Super Giants,Super Giants,3,Quinton de Kock,70,41,7,3,out,1,170.73
T20 #50,Titans vs Super Giants,Super Giants,4,Deepak Hooda,11,11,0,0,out,1,100
T20 #50,Titans vs Super Giants,Super Giants,5,Marcus Stoinis,4,9,0,0,out,1,44.44
T20 #50,Titans vs Super Giants,Super Giants,6,Nicholas Pooran,3,6,0,0,out,1,50
T20 #50,Titans vs Super Giants,Super Giants,7,Ayush Badoni,21,11,1,2,out,1,190.91
T20 #50,Titans vs Super Giants,Super Giants,8,Swapnil Singh,2,4,0,0,not_out,0,50
T20 #50,Titans vs Super Giants,Super Giants,9,Krunal Pandya,0,1,0,0,out,1,0
T20 #50,Titans vs Super Giants,Super Giants,10,Ravi Bishnoi,4,5,1,0,not_out,0,80
T20 #51,Royals vs Sunrisers,Royals,2,Yashasvi Jaiswal,35,18,5,2,out,1,194.44
T20 #51,Royals vs Sunrisers,Royals,3,Jos Buttler,95,59,10,4,out,1,161.02
T20 #51,Royals vs Sunrisers,Royals,4,Sanju Samson,66,38,4,5,not_out,0,173.68
T20 #51,Royals vs Sunrisers,Royals,5,Shimron Hetmyer,7,5,0,0,not_out,0,140
T20 #51,Royals vs Sunrisers,Sunrisers,2,Anmolpreet Singh,33,25,4,1,out,1,132
T20 #51,Royals vs Sunrisers,Sunrisers,3,Abhishek Sharma,55,34,5,2,out,1,161.76
T20 #51,Royals vs Sunrisers,Sunrisers,4,Rahul Tripathi,47,29,2,3,out,1,162.07
T20 #51,Royals vs Sunrisers,Sunrisers,5,Heinrich Klaasen,26,12,2,2,out,1,216.67
T20 #51,Royals vs Sunrisers,Sunrisers,6,Aiden Markram,6,5,1,0,out,1,120
T20 #51,Royals vs Sunrisers,Sunrisers,7,Glenn Phillips,25,7,1,3,out,1,357.14
T20 #51,Royals vs Sunrisers,Sunrisers,8,Abdul Samad,17,7,0,2,not_out,0,242.86
T20 #51,Royals vs Sunrisers,Sunrisers,9,Marco Jansen,3,2,0,0,not_out,0,150
T20 #52,Punjab Kings vs KKR,Punjab Kings,2,Prabhsimran Singh,12,8,3,0,out,1,150
T20 #52,Punjab Kings vs KKR,Punjab Kings,3,Shikhar Dhawan,57,47,9,1,out,1,121.28
T20 #52,Punjab Kings vs KKR,Punjab Kings,4,Bhanuka Rajapaksa,0,3,0,0,out,1,0
T20 #52,Punjab Kings vs KKR,Punjab Kings,5,Liam Livingstone,15,9,3,0,out,1,166.67
T20 #52,Punjab Kings vs KKR,Punjab Kings,6,Jitesh Sharma,21,18,0,2,out,1,116.67
T20 #52,Punjab Kings vs KKR,Punjab Kings,7,Sam Curran,4,9,0,0,out,1,44.44
T20 #52,Punjab Kings vs KKR,Punjab Kings,8,Rishi Dhawan,19,11,1,1,out,1,172.73
T20 #52,Punjab Kings vs KKR,Punjab Kings,9,M Shahrukh Khan,21,8,3,1,not_out,0,262.5
T20 #52,Punjab Kings vs KKR,Punjab Kings,10,Harpreet Brar,17,9,2,1,not_out,0,188.89
T20 #52,Punjab Kings vs KKR,KKR,2,Jason Roy,38,24,8,0,out,1,158.33
T20 #52,Punjab Kings vs KKR,KKR,3,Rahmanullah Gurbaz,15,12,1,1,out,1,125
T20 #52,Punjab Kings vs KKR,KKR,4,Nitish Rana,51,38,6,1,out,1,134.21
T20 #52,Punjab Kings vs KKR,KKR,5,Venkatesh Iyer,11,13,0,0,out,1,84.62
T20 #52,Punjab Kings vs KKR,KKR,6,Andre Russell,42,23,3,3,out,1,182.61
T20 #52,Punjab Kings vs KKR,KKR,7,Rinku Singh,21,10,2,1,not_out,0,210
T20 #52,Punjab Kings vs KKR,KKR,8,Shardul Thakur,0,0,0,0,not_out,0,nan
T20 #53,RCB vs Mumbai,RCB,2,Virat Kohli,1,4,0,0,out,1,25
T20 #53,RCB vs Mumbai,RCB,3,Faf du Plessis,65,41,5,3,out,1,158.54
T20 #53,RCB vs Mumbai,RCB,4,Anuj Rawat,6,4,1,0,out,1,150
T20 #53,RCB vs Mumbai,RCB,5,Glenn Maxwell,68,33,8,4,out,1,206.06
T20 #53,RCB vs Mumbai,RCB,6,Mahipal Lomror,1,3,0,0,out,1,33.33
T20 #53,RCB vs Mumbai,RCB,7,Dinesh Karthik,30,18,4,1,out,1,166.67
T20 #53,RCB vs Mumbai,RCB,8,Kedar Jadhav,12,10,1,0,not_out,0,120
T20 #53,RCB vs Mumbai,RCB,9,Wanindu Hasaranga,12,8,2,0,not_out,0,150
T20 #53,RCB vs Mumbai,Mumbai,2,Ishan Kishan,42,21,4,4,out,1,200
T20 #53,RCB vs Mumbai,Mumbai,3,Rohit Sharma,7,8,1,0,out,1,87.5
T20 #53,RCB vs Mumbai,Mumbai,4,Suryakumar Yadav,83,35,7,6,out,1,237.14
T20 #53,RCB vs Mumbai,Mumbai,5,Nehal Wadhera,52,34,4,3,not_out,0,152.94
T20 #53,RCB vs Mumbai,Mumbai,6,Tim David,0,1,0,0,out,1,0
T20 #53,RCB vs Mumbai,Mumbai,7,Cameron Green,2,2,0,0,not_out,0,100
T20 #54,Super Kings vs Capitals,Super Kings,2,Ruturaj Gaikwad,24,18,4,0,out,1,133.33
T20 #54,Super Kings vs Capitals,Super Kings,3,Devon Conway,10,13,1,0,out,1,76.92
T20 #54,Super Kings vs Capitals,Super Kings,4,Ajinkya Rahane,21,20,2,0,out,1,105
T20 #54,Super Kings vs Capitals,Super Kings,5,Moeen Ali,7,12,0,0,out,1,58.33
T20 #54,Super Kings vs Capitals,Super Kings,6,Shivam Dube,25,12,0,3,out,1,208.33
T20 #54,Super Kings vs Capitals,Super Kings,7,Ambati Rayudu,23,17,1,1,out,1,135.29
T20 #54,Super Kings vs Capitals,Super Kings,8,Ravindra Jadeja,21,16,1,1,out,1,131.25
T20 #54,Super Kings vs Capitals,Super Kings,9,MS Dhoni,20,9,1,2,out,1,222.22
T20 #54,Super Kings vs Capitals,Super Kings,10,Deepak Chahar,1,2,0,0,not_out,0,50
T20 #54,Super Kings vs Capitals,Super Kings,11,Tushar Deshpande,0,1,0,0,not_out,0,0
T20 #54,Super Kings vs Capitals,Capitals,2,David Warner,0,2,0,0,out,1,0
T20 #54,Super Kings vs Capitals,Capitals,3,Phil Salt,17,11,1,2,out,1,154.55
T20 #54,Super Kings vs Capitals,Capitals,4,Mitchell Marsh,5,4,1,0,out,1,125
T20 #54,Super Kings vs Capitals,Capitals,5,Manish Pandey,27,29,1,2,out,1,93.1
T20 #54,Super Kings vs Capitals,Capitals,6,Rilee Rossouw,35,37,2,1,out,1,94.59
T20 #54,Super Kings vs Capitals,Capitals,7,Ripal Patel,10,16,0,0,out,1,62.5
T20 #54,Super Kings vs Capitals,Capitals,8,Axar Patel,21,12,2,1,out,1,175
T20 #54,Super Kings vs Capitals,Capitals,9,Aman Hakim Khan,2,3,0,0,not_out,0,66.67
T20 #54,Super Kings vs Capitals,Capitals,10,Lalit Yadav,12,5,3,0,out,1,240
T20 #54,Super Kings vs Capitals,Capitals,11,Kuldeep Yadav,0,1,0,0,not_out,0,0
T20 #55,KKR vs Royals,KKR,2,Jason Roy,10,8,2,0,out,1,125
T20 #55,KKR vs Royals,KKR,3,Rahmanullah Gurbaz,18,12,1,2,out,1,150
T20 #55,KKR vs Royals,KKR,4,Venkatesh Iyer,57,42,2,4,out,1,135.71
T20 #55,KKR vs Royals,KKR,5,Nitish Rana,22,17,2,0,out,1,129.41
T20 #55,KKR vs Royals,KKR,6,Andre Russell,10,10,0,1,out,1,100
T20 #55,KKR vs Royals,KKR,7,Rinku Singh,16,18,0,1,out,1,88.89
T20 #55,KKR vs Royals,KKR,8,Shardul Thakur,1,2,0,0,out,1,50
T20 #55,KKR vs Royals,KKR,9,Anukul Roy,6,6,0,0,not_out,0,100
T20 #55,KKR vs Royals,KKR,10,Sunil Narine,6,5,1,0,out,1,120
T20 #55,KKR vs Royals,Royals,2,Yashasvi Jaiswal,98,47,12,5,not_out,0,208.51
T20 #55,KKR vs Royals,Royals,3,Jos Buttler,0,3,0,0,out,1,0
T20 #55,KKR vs Royals,Royals,4,Sanju Samson,48,29,2,5,not_out,0,165.52
T20 #56,Mumbai vs Titans,Mumbai,2,Ishan Kishan,31,20,4,1,out,1,155
T20 #56,Mumbai vs Titans,Mumbai,3,Rohit Sharma,29,18,3,2,out,1,161.11
T20 #56,Mumbai vs Titans,Mumbai,4,Suryakumar Yadav,103,49,11,6,not_out,0,210.2
T20 #56,Mumbai vs Titans,Mumbai,5,Nehal Wadhera,15,7,1,1,out,1,214.29
T20 #56,Mumbai vs Titans,Mumbai,6,Vishnu Vinod,30,20,2,2,out,1,150
T20 #56,Mumbai vs Titans,Mumbai,7,Tim David,5,3,1,0,out,1,166.67
T20 #56,Mumbai vs Titans,Mumbai,8,Cameron Green,3,3,0,0,not_out,0,100
T20 #56,Mumbai vs Titans,Titans,2,Wriddhiman Saha,2,5,0,0,out,1,40
T20 #56,Mumbai vs Titans,Titans,3,Shubman Gill,6,9,0,0,out,1,66.67
T20 #56,Mumbai vs Titans,Titans,4,Hardik Pandya,4,3,1,0,out,1,133.33
T20 #56,Mumbai vs Titans,Titans,5,Vijay Shankar,29,14,6,0,out,1,207.14
T20 #56,Mumbai vs Titans,Titans,6,David Miller,41,26,4,2,out,1,157.69
T20 #56,Mumbai vs Titans,Titans,7,Abhinav Manohar,2,3,0,0,out,1,66.67
T20 #56,Mumbai vs Titans,Titans,8,Rahul Tewatia,14,13,1,0,out,1,107.69
T20 #56,Mumbai vs Titans,Titans,9,Rashid Khan,79,32,3,10,not_out,0,246.88
T20 #56,Mumbai vs Titans,Titans,10,Noor Ahmad,1,3,0,0,out,1,33.33
T20 #56,Mumbai vs Titans,Titans,11,Alzarri Joseph,7,12,1,0,not_out,0,58.33
T20 #57,Sunrisers vs Super Giants,Sunrisers,2,Anmolpreet Singh,36,27,7,0,out,1,133.33
T20 #57,Sunrisers vs Super Giants,Sunrisers,3,Abhishek Sharma,7,5,1,0,out,1,140
T20 #57,Sunrisers vs Super Giants,Sunrisers,4,Rahul Tripathi,20,13,4,0,out,1,153.85
T20 #57,Sunrisers vs Super Giants,Sunrisers,5,Aiden Markram,28,20,2,1,out,1,140
T20 #57,Sunrisers vs Super Giants,Sunrisers,6,Heinrich Klaasen,47,29,3,3,out,1,162.07
T20 #57,Sunrisers vs Super Giants,Sunrisers,7,Glenn Phillips,0,1,0,0,out,1,0
T20 #57,Sunrisers vs Super Giants,Sunrisers,8,Abdul Samad,37,25,1,4,not_out,0,148
T20 #57,Sunrisers vs Super Giants,Sunrisers,9,Bhuvneshwar Kumar,2,1,0,0,not_out,0,200
T20 #57,Sunrisers vs Super Giants,Super Giants,2,Kyle Mayers,2,14,0,0,out,1,14.29
T20 #57,Sunrisers vs Super Giants,Super Giants,3,Quinton de Kock,29,19,3,1,out,1,152.63
T20 #57,Sunrisers vs Super Giants,Super Giants,4,Prerak Mankad,64,45,7,2,not_out,0,142.22
T20 #57,Sunrisers vs Super Giants,Super Giants,5,Marcus Stoinis,40,25,2,3,out,1,160
T20 #57,Sunrisers vs Super Giants,Super Giants,6,Nicholas Pooran,44,13,3,4,not_out,0,338.46
T20 #58,Punjab Kings vs Capitals,Punjab Kings,2,Prabhsimran Singh,103,65,10,6,out,1,158.46
T20 #58,Punjab Kings vs Capitals,Punjab Kings,3,Shikhar Dhawan,7,5,0,1,out,1,140
T20 #58,Punjab Kings vs Capitals,Punjab Kings,4,Liam Livingstone,4,5,1,0,out,1,80
T20 #58,Punjab Kings vs Capitals,Punjab Kings,5,Jitesh Sharma,5,5,1,0,out,1,100
T20 #58,Punjab Kings vs Capitals,Punjab Kings,6,Sam Curran,20,24,1,0,out,1,83.33
T20 #58,Punjab Kings vs Capitals,Punjab Kings,7,Harpreet Brar,2,5,0,0,out,1,40
T20 #58,Punjab Kings vs Capitals,Punjab Kings,8,M Shahrukh Khan,2,4,0,0,out,1,50
T20 #58,Punjab Kings vs Capitals,Punjab Kings,9,Sikandar Raza,11,7,0,1,not_out,0,157.14
T20 #58,Punjab Kings vs Capitals,Punjab Kings,10,Rishi Dhawan,0,0,0,0,not_out,0,nan
T20 #58,Punjab Kings vs Capitals,Capitals,2,David Warner,54,27,10,1,out,1,200
T20 #58,Punjab Kings vs Capitals,Capitals,3,Phil Salt,21,17,3,0,out,1,123.53
T20 #58,Punjab Kings vs Capitals,Capitals,4,Mitchell Marsh,3,4,0,0,out,1,75
T20 #58,Punjab Kings vs Capitals,Capitals,5,Rilee Rossouw,5,5,1,0,out,1,100
T20 #58,Punjab Kings vs Capitals,Capitals,6,Axar Patel,1,2,0,0,out,1,50
T20 #58,Punjab Kings vs Capitals,Capitals,7,Manish Pandey,0,3,0,0,out,1,0
T20 #58,Punjab Kings vs Capitals,Capitals,8,Aman Hakim Khan,16,18,1,1,out,1,88.89
T20 #58,Punjab Kings vs Capitals,Capitals,9,Praveen Dubey,16,20,2,0,out,1,80
T20 #58,Punjab Kings vs Capitals,Capitals,10,Kuldeep Yadav,10,17,0,0,not_out,0,58.82
T20 #58,Punjab Kings vs Capitals,Capitals,11,Mukesh Kumar,6,7,0,0,not_out,0,85.71
T20 #59,RCB vs Royals,RCB,2,Virat Kohli,18,19,1,0,out,1,94.74
T20 #59,RCB vs Royals,RCB,3,Faf du Plessis,55,44,3,2,out,1,125
T20 #59,RCB vs Royals,RCB,4,Glenn Maxwell,54,33,5,3,out,1,163.64
T20 #59,RCB vs Royals,RCB,5,Mahipal Lomror,1,2,0,0,out,1,50
T20 #59,RCB vs Royals,RCB,6,Dinesh Karthik,0,2,0,0,out,1,0
T20 #59,RCB vs Royals,RCB,7,Michael Bracewell,9,9,0,0,not_out,0,100
T20 #59,RCB vs Royals,RCB,8,Anuj Rawat,29,11,3,2,not_out,0,263.64
T20 #59,RCB vs Royals,Royals,2,Yashasvi Jaiswal,0,2,0,0,out,1,0
T20 #59,RCB vs Royals,Royals,3,Jos Buttler,0,2,0,0,out,1,0
T20 #59,RCB vs Royals,Royals,4,Sanju Samson,4,5,1,0,out,1,80
T20 #59,RCB vs Royals,Royals,5,Joe Root,10,15,1,0,out,1,66.67
T20 #59,RCB vs Royals,Royals,6,Devdutt Padikkal,4,4,1,0,out,1,100
T20 #59,RCB vs Royals,Royals,7,Shimron Hetmyer,35,19,1,4,out,1,184.21
T20 #59,RCB vs Royals,Royals,8,Dhruv Jurel,1,7,0,0,out,1,14.29
T20 #59,RCB vs Royals,Royals,9,Ravichandran Ashwin,0,0,0,0,out,1,nan
T20 #59,RCB vs Royals,Royals,10,Adam Zampa,2,6,0,0,out,1,33.33
T20 #59,RCB vs Royals,Royals,11,Sandeep Sharma,0,1,0,0,not_out,0,0
T20 #59,RCB vs Royals,Royals,12,KM Asif,0,2,0,0,out,1,0
T20 #60,Super Kings vs KKR,Super Kings,2,Ruturaj Gaikwad,17,13,2,0,out,1,130.77
T20 #60,Super Kings vs KKR,Super Kings,3,Devon Conway,30,28,3,0,out,1,107.14
T20 #60,Super Kings vs KKR,Super Kings,4,Ajinkya Rahane,16,11,1,1,out,1,145.45
T20 #60,Super Kings vs KKR,Super Kings,5,Ambati Rayudu,4,7,0,0,out,1,57.14
T20 #60,Super Kings vs KKR,Super Kings,6,Shivam Dube,48,34,1,3,not_out,0,141.18
T20 #60,Super Kings vs KKR,Super Kings,7,Moeen Ali,1,2,0,0,out,1,50
T20 #60,Super Kings vs KKR,Super Kings,8,Ravindra Jadeja,20,24,0,1,out,1,83.33
T20 #60,Super Kings vs KKR,Super Kings,9,MS Dhoni,2,3,0,0,not_out,0,66.67
T20 #60,Super Kings vs KKR,KKR,2,Jason Roy,12,15,1,0,out,1,80
T20 #60,Super Kings vs KKR,KKR,3,Rahmanullah Gurbaz,1,4,0,0,out,1,25
T20 #60,Super Kings vs KKR,KKR,4,Venkatesh Iyer,9,4,2,0,out,1,225
T20 #60,Super Kings vs KKR,KKR,5,Nitish Rana,57,44,6,1,not_out,0,129.55
T20 #60,Super Kings vs KKR,KKR,6,Rinku Singh,54,43,4,3,out,1,125.58
T20 #60,Super Kings vs KKR,KKR,7,Andre Russell,2,2,0,0,not_out,0,100
T20 #61,Titans vs Sunrisers,Titans,2,Wriddhiman Saha,0,3,0,0,out,1,0
T20 #61,Titans vs Sunrisers,Titans,3,Shubman Gill,101,58,13,1,out,1,174.14
T20 #61,Titans vs Sunrisers,Titans,4,Sai Sudharsan,47,36,6,1,out,1,130.56
T20 #61,Titans vs Sunrisers,Titans,5,Hardik Pandya,8,6,1,0,out,1,133.33
T20 #61,Titans vs Sunrisers,Titans,6,David Miller,7,5,1,0,out,1,140
T20 #61,Titans vs Sunrisers,Titans,7,Rahul Tewatia,3,3,0,0,out,1,100
T20 #61,Titans vs Sunrisers,Titans,8,Dasun Shanaka,9,7,1,0,not_out,0,128.57
T20 #61,Titans vs Sunrisers,Titans,9,Rashid Khan,0,1,0,0,out,1,0
T20 #61,Titans vs Sunrisers,Titans,10,Noor Ahmad,0,1,0,0,out,1,0
T20 #61,Titans vs Sunrisers,Titans,11,Mohammed Shami,0,1,0,0,out,1,0
T20 #61,Titans vs Sunrisers,Titans,12,Mohit Sharma,0,1,0,0,not_out,0,0
T20 #61,Titans vs Sunrisers,Sunrisers,2,Anmolpreet Singh,5,4,1,0,out,1,125
T20 #61,Titans vs Sunrisers,Sunrisers,3,Abhishek Sharma,5,5,1,0,out,1,100
T20 #61,Titans vs Sunrisers,Sunrisers,4,Aiden Markram,10,10,1,0,out,1,100
T20 #61,Titans vs Sunrisers,Sunrisers,5,Rahul Tripathi,1,2,0,0,out,1,50
T20 #61,Titans vs Sunrisers,Sunrisers,6,Heinrich Klaasen,64,44,4,3,out,1,145.45
T20 #61,Titans vs Sunrisers,Sunrisers,7,Sanvir Singh,7,6,0,1,out,1,116.67
T20 #61,Titans vs Sunrisers,Sunrisers,8,Abdul Samad,4,3,1,0,out,1,133.33
T20 #61,Titans vs Sunrisers,Sunrisers,9,Marco Jansen,3,6,0,0,out,1,50
T20 #61,Titans vs Sunrisers,Sunrisers,10,Bhuvneshwar Kumar,27,26,3,0,out,1,103.85
T20 #61,Titans vs Sunrisers,Sunrisers,11,Mayank Markande,18,9,2,1,not_out,0,200
T20 #61,Titans vs Sunrisers,Sunrisers,12,Fazalhaq Farooqi,1,5,0,0,not_out,0,20
T20 #62,Super Giants vs Mumbai,Super Giants,2,Deepak Hooda,5,7,0,0,out,1,71.43
T20 #62,Super Giants vs Mumbai,Super Giants,3,Quinton de Kock,16,15,0,2,out,1,106.67
T20 #62,Super Giants vs Mumbai,Super Giants,4,Prerak Mankad,0,1,0,0,out,1,0
T20 #62,Super Giants vs Mumbai,Super Giants,5,Krunal Pandya,49,42,1,1,out,1,116.67
T20 #62,Super Giants vs Mumbai,Super Giants,6,Marcus Stoinis,89,47,4,8,not_out,0,189.36
T20 #62,Super Giants vs Mumbai,Super Giants,7,Nicholas Pooran,8,8,1,0,not_out,0,100
T20 #62,Super Giants vs Mumbai,Mumbai,2,Ishan Kishan,59,39,8,1,out,1,151.28
T20 #62,Super Giants vs Mumbai,Mumbai,3,Rohit Sharma,37,25,1,3,out,1,148
T20 #62,Super Giants vs Mumbai,Mumbai,4,Suryakumar Yadav,7,9,0,0,out,1,77.78
T20 #62,Super Giants vs Mumbai,Mumbai,5,Nehal Wadhera,16,20,2,0,out,1,80
T20 #62,Super Giants vs Mumbai,Mumbai,6,Tim David,32,19,1,3,not_out,0,168.42
T20 #62,Super Giants vs Mumbai,Mumbai,7,Vishnu Vinod,2,4,0,0,out,1,50
T20 #62,Super Giants vs Mumbai,Mumbai,8,Cameron Green,4,6,0,0,not_out,0,66.67
T20 #63,Capitals vs Punjab Kings,Capitals,2,David Warner,46,31,5,2,out,1,148.39
T20 #63,Capitals vs Punjab Kings,Capitals,3,Prithvi Shaw,54,38,7,1,out,1,142.11
T20 #63,Capitals vs Punjab Kings,Capitals,4,Rilee Rossouw,82,37,6,6,not_out,0,221.62
T20 #63,Capitals vs Punjab Kings,Capitals,5,Phil Salt,26,14,2,2,not_out,0,185.71
T20 #63,Capitals vs Punjab Kings,Punjab Kings,2,Prabhsimran Singh,22,19,4,0,out,1,115.79
T20 #63,Capitals vs Punjab Kings,Punjab Kings,3,Shikhar Dhawan,0,1,0,0,out,1,0
T20 #63,Capitals vs Punjab Kings,Punjab Kings,4,Atharva Taide,55,42,5,2,out,1,130.95
T20 #63,Capitals vs Punjab Kings,Punjab Kings,5,Liam Livingstone,94,48,5,9,out,1,195.83
T20 #63,Capitals vs Punjab Kings,Punjab Kings,6,Jitesh Sharma,0,3,0,0,out,1,0
T20 #63,Capitals vs Punjab Kings,Punjab Kings,7,M Shahrukh Khan,6,3,0,1,out,1,200
T20 #63,Capitals vs Punjab Kings,Punjab Kings,8,Sam Curran,11,5,1,1,out,1,220
T20 #63,Capitals vs Punjab Kings,Punjab Kings,9,Harpreet Brar,0,1,0,0,out,1,0
T20 #63,Capitals vs Punjab Kings,Punjab Kings,10,Rahul Chahar,0,0,0,0,not_out,0,nan
T20 #64,Sunrisers vs RCB,Sunrisers,2,Abhishek Sharma,11,14,2,0,out,1,78.57
T20 #64,Sunrisers vs RCB,Sunrisers,3,Rahul Tripathi,15,12,2,1,out,1,125
T20 #64,Sunrisers vs RCB,Sunrisers,4,Aiden Markram,18,20,0,0,out,1,90
T20 #64,Sunrisers vs RCB,Sunrisers,5,Heinrich Klaasen,104,51,8,6,out,1,203.92
T20 #64,Sunrisers vs RCB,Sunrisers,6,Harry Brook,27,19,2,1,not_out,0,142.11
T20 #64,Sunrisers vs RCB,Sunrisers,7,Glenn Phillips,5,4,1,0,out,1,125
T20 #64,Sunrisers vs RCB,RCB,2,Virat Kohli,100,63,12,4,out,1,158.73
T20 #64,Sunrisers vs RCB,RCB,3,Faf du Plessis,71,47,7,2,out,1,151.06
T20 #64,Sunrisers vs RCB,RCB,4,Glenn Maxwell,5,3,1,0,not_out,0,166.67
T20 #64,Sunrisers vs RCB,RCB,5,Michael Bracewell,4,4,0,0,not_out,0,100
T20 #65,Punjab Kings vs Royals,Punjab Kings,2,Prabhsimran Singh,2,2,0,0,out,1,100
T20 #65,Punjab Kings vs Royals,Punjab Kings,3,Shikhar Dhawan,17,12,2,1,out,1,141.67
T20 #65,Punjab Kings vs Royals,Punjab Kings,4,Atharva Taide,19,12,3,1,out,1,158.33
T20 #65,Punjab Kings vs Royals,Punjab Kings,5,Liam Livingstone,9,13,1,0,out,1,69.23
T20 #65,Punjab Kings vs Royals,Punjab Kings,6,Sam Curran,49,31,4,2,not_out,0,158.06
T20 #65,Punjab Kings vs Royals,Punjab Kings,7,Jitesh Sharma,44,28,3,3,out,1,157.14
T20 #65,Punjab Kings vs Royals,Punjab Kings,8,M Shahrukh Khan,41,23,4,2,not_out,0,178.26
T20 #65,Punjab Kings vs Royals,Royals,2,Yashasvi Jaiswal,50,36,8,0,out,1,138.89
T20 #65,Punjab Kings vs Royals,Royals,3,Jos Buttler,0,4,0,0,out,1,0
T20 #65,Punjab Kings vs Royals,Royals,4,Devdutt Padikkal,51,30,5,3,out,1,170
T20 #65,Punjab Kings vs Royals,Royals,5,Sanju Samson,2,3,0,0,out,1,66.67
T20 #65,Punjab Kings vs Royals,Royals,6,Shimron Hetmyer,46,28,4,3,out,1,164.29
T20 #65,Punjab Kings vs Royals,Royals,7,Riyan Parag,20,12,1,2,out,1,166.67
T20 #65,Punjab Kings vs Royals,Royals,8,Dhruv Jurel,10,4,0,1,not_out,0,250
T20 #65,Punjab Kings vs Royals,Royals,9,Trent Boult,1,2,0,0,not_out,0,50
T20 #66,Super Kings vs Capitals,Super Kings,2,Ruturaj Gaikwad,79,50,3,7,out,1,158
T20 #66,Super Kings vs Capitals,Super Kings,3,Devon Conway,87,52,11,3,out,1,167.31
T20 #66,Super Kings vs Capitals,Super Kings,4,Shivam Dube,22,9,0,3,out,1,244.44
T20 #66,Super Kings vs Capitals,Super Kings,5,MS Dhoni,5,4,0,0,not_out,0,125
T20 #66,Super Kings vs Capitals,Super Kings,6,Ravindra Jadeja,20,7,3,1,not_out,0,285.71
T20 #66,Super Kings vs Capitals,Capitals,2,Prithvi Shaw,5,7,1,0,out,1,71.43
T20 #66,Super Kings vs Capitals,Capitals,3,David Warner,86,58,7,5,out,1,148.28
T20 #66,Super Kings vs Capitals,Capitals,4,Phil Salt,3,6,0,0,out,1,50
T20 #66,Super Kings vs Capitals,Capitals,5,Rilee Rossouw,0,1,0,0,out,1,0
T20 #66,Super Kings vs Capitals,Capitals,6,Yash Dhull,13,15,1,0,out,1,86.67
T20 #66,Super Kings vs Capitals,Capitals,7,Axar Patel,15,8,1,1,out,1,187.5
T20 #66,Super Kings vs Capitals,Capitals,8,Aman Hakim Khan,7,9,1,0,out,1,77.78
T20 #66,Super Kings vs Capitals,Capitals,9,Lalit Yadav,6,12,0,0,out,1,50
T20 #66,Super Kings vs Capitals,Capitals,10,Anrich Nortje,0,1,0,0,not_out,0,0
T20 #66,Super Kings vs Capitals,Capitals,11,Kuldeep Yadav,0,1,0,0,out,1,0
T20 #66,Super Kings vs Capitals,Capitals,12,Chetan Sakariya,0,2,0,0,not_out,0,0
T20 #67,Super Giants vs KKR,Super Giants,2,Karan Sharma,3,5,0,0,out,1,60
T20 #67,Super Giants vs KKR,Super Giants,3,Quinton de Kock,28,27,0,2,out,1,103.7
T20 #67,Super Giants vs KKR,Super Giants,4,Prerak Mankad,26,20,5,0,out,1,130
T20 #67,Super Giants vs KKR,Super Giants,5,Marcus Stoinis,0,2,0,0,out,1,0
T20 #67,Super Giants vs KKR,Super Giants,6,Krunal Pandya,9,8,0,1,out,1,112.5
T20 #67,Super Giants vs KKR,Super Giants,7,Ayush Badoni,25,21,2,1,out,1,119.05
T20 #67,Super Giants vs KKR,Super Giants,8,Nicholas Pooran,58,30,4,5,out,1,193.33
T20 #67,Super Giants vs KKR,Super Giants,9,Krishnappa Gowtham,11,4,1,1,not_out,0,275
T20 #67,Super Giants vs KKR,Super Giants,10,Ravi Bishnoi,2,2,0,0,out,1,100
T20 #67,Super Giants vs KKR,Super Giants,11,Naveen-ul-Haq,2,3,0,0,not_out,0,66.67
T20 #67,Super Giants vs KKR,KKR,2,Jason Roy,45,28,7,1,out,1,160.71
T20 #67,Super Giants vs KKR,KKR,3,Venkatesh Iyer,24,15,3,1,out,1,160
T20 #67,Super Giants vs KKR,KKR,4,Nitish Rana,8,10,1,0,out,1,80
T20 #67,Super Giants vs KKR,KKR,5,Rahmanullah Gurbaz,10,15,0,0,out,1,66.67
T20 #67,Super Giants vs KKR,KKR,6,Rinku Singh,67,33,6,4,not_out,0,203.03
T20 #67,Super Giants vs KKR,KKR,7,Andre Russell,7,9,0,1,out,1,77.78
T20 #67,Super Giants vs KKR,KKR,8,Shardul Thakur,3,7,0,0,out,1,42.86
T20 #67,Super Giants vs KKR,KKR,9,Sunil Narine,1,2,0,0,out,1,50
T20 #67,Super Giants vs KKR,KKR,10,Vaibhav Arora,1,1,0,0,not_out,0,100
T20 #68,Sunrisers vs Mumbai,Sunrisers,2,Vivrant Sharma,69,47,9,2,out,1,146.81
T20 #68,Sunrisers vs Mumbai,Sunrisers,3,Mayank Agarwal,83,46,8,4,out,1,180.43
T20 #68,Sunrisers vs Mumbai,Sunrisers,4,Heinrich Klaasen,18,13,2,0,out,1,138.46
T20 #68,Sunrisers vs Mumbai,Sunrisers,5,Glenn Phillips,1,4,0,0,out,1,25
T20 #68,Sunrisers vs Mumbai,Sunrisers,6,Aiden Markram,13,7,0,1,not_out,0,185.71
T20 #68,Sunrisers vs Mumbai,Sunrisers,7,Harry Brook,0,1,0,0,out,1,0
T20 #68,Sunrisers vs Mumbai,Sunrisers,8,Sanvir Singh,4,3,1,0,not_out,0,133.33
T20 #68,Sunrisers vs Mumbai,Mumbai,2,Ishan Kishan,14,12,1,1,out,1,116.67
T20 #68,Sunrisers vs Mumbai,Mumbai,3,Rohit Sharma,56,37,8,1,out,1,151.35
T20 #68,Sunrisers vs Mumbai,Mumbai,4,Cameron Green,100,47,8,8,not_out,0,212.77
T20 #68,Sunrisers vs Mumbai,Mumbai,5,Suryakumar Yadav,25,16,4,0,not_out,0,156.25
T20 #69,RCB vs Titans,RCB,2,Virat Kohli,101,61,13,1,not_out,0,165.57
T20 #69,RCB vs Titans,RCB,3,Faf du Plessis,28,19,5,0,out,1,147.37
T20 #69,RCB vs Titans,RCB,4,Glenn Maxwell,11,5,1,1,out,1,220
T20 #69,RCB vs Titans,RCB,5,Mahipal Lomror,1,3,0,0,out,1,33.33
T20 #69,RCB vs Titans,RCB,6,Michael Bracewell,26,16,5,0,out,1,162.5
T20 #69,RCB vs Titans,RCB,7,Dinesh Karthik,0,1,0,0,out,1,0
T20 #69,RCB vs Titans,RCB,8,Anuj Rawat,23,15,1,1,not_out,0,153.33
T20 #69,RCB vs Titans,Titans,2,Wriddhiman Saha,12,14,2,0,out,1,85.71
T20 #69,RCB vs Titans,Titans,3,Shubman Gill,104,52,5,8,not_out,0,200
T20 #69,RCB vs Titans,Titans,4,Vijay Shankar,53,35,7,2,out,1,151.43
T20 #69,RCB vs Titans,Titans,5,Dasun Shanaka,0,3,0,0,out,1,0
T20 #69,RCB vs Titans,Titans,6,David Miller,6,7,1,0,out,1,85.71
T20 #69,RCB vs Titans,Titans,7,Rahul Tewatia,4,5,0,0,not_out,0,80
T20 #70,Super Kings vs Titans,Super Kings,2,Ruturaj Gaikwad,60,44,7,1,out,1,136.36
T20 #70,Super Kings vs Titans,Super Kings,3,Devon Conway,40,34,4,0,out,1,117.65
T20 #70,Super Kings vs Titans,Super Kings,4,Shivam Dube,1,3,0,0,out,1,33.33
T20 #70,Super Kings vs Titans,Super Kings,5,Ajinkya Rahane,17,10,0,1,out,1,170
T20 #70,Super Kings vs Titans,Super Kings,6,Ambati Rayudu,17,9,1,1,out,1,188.89
T20 #70,Super Kings vs Titans,Super Kings,7,Ravindra Jadeja,22,16,2,0,out,1,137.5
T20 #70,Super Kings vs Titans,Super Kings,8,MS Dhoni,1,2,0,0,out,1,50
T20 #70,Super Kings vs Titans,Super Kings,9,Moeen Ali,9,4,0,1,not_out,0,225
T20 #70,Super Kings vs Titans,Titans,2,Wriddhiman Saha,12,11,2,0,out,1,109.09
T20 #70,Super Kings vs Titans,Titans,3,Shubman Gill,42,38,4,1,out,1,110.53
T20 #70,Super Kings vs Titans,Titans,4,Hardik Pandya,8,7,1,0,out,1,114.29
T20 #70,Super Kings vs Titans,Titans,5,Dasun Shanaka,17,16,1,1,out,1,106.25
T20 #70,Super Kings vs Titans,Titans,6,David Miller,4,6,0,0,out,1,66.67
T20 #70,Super Kings vs Titans,Titans,7,Vijay Shankar,14,10,0,1,out,1,140
T20 #70,Super Kings vs Titans,Titans,8,Rahul Tewatia,3,5,0,0,out,1,60
T20 #70,Super Kings vs Titans,Titans,9,Rashid Khan,30,16,3,2,out,1,187.5
T20 #70,Super Kings vs Titans,Titans,10,Darshan Nalkande,0,1,0,0,out,1,0
T20 #70,Super Kings vs Titans,Titans,11,Noor Ahmad,7,5,1,0,not_out,0,140
T20 #70,Super Kings vs Titans,Titans,12,Mohammed Shami,5,5,1,0,out,1,100
T20 #71,Mumbai vs Super Giants,Mumbai,2,Ishan Kishan,15,12,3,0,out,1,125
T20 #71,Mumbai vs Super Giants,Mumbai,3,Rohit Sharma,11,10,1,1,out,1,110
T20 #71,Mumbai vs Super Giants,Mumbai,4,Cameron Green,41,23,6,1,out,1,178.26
T20 #71,Mumbai vs Super Giants,Mumbai,5,Suryakumar Yadav,33,20,2,2,out,1,165
T20 #71,Mumbai vs Super Giants,Mumbai,6,Tilak Varma,26,22,0,2,out,1,118.18
T20 #71,Mumbai vs Super Giants,Mumbai,7,Tim David,13,13,1,0,out,1,100
T20 #71,Mumbai vs Super Giants,Mumbai,8,Nehal Wadhera,23,12,2,2,out,1,191.67
T20 #71,Mumbai vs Super Giants,Mumbai,9,Chris Jordan,4,7,0,0,out,1,57.14
T20 #71,Mumbai vs Super Giants,Mumbai,10,Hrithik Shokeen,0,1,0,0,not_out,0,0
T20 #71,Mumbai vs Super Giants,Super Giants,2,Kyle Mayers,18,13,3,0,out,1,138.46
T20 #71,Mumbai vs Super Giants,Super Giants,3,Prerak Mankad,3,6,0,0,out,1,50
T20 #71,Mumbai vs Super Giants,Super Giants,4,Krunal Pandya,8,11,1,0,out,1,72.73
T20 #71,Mumbai vs Super Giants,Super Giants,5,Marcus Stoinis,40,27,5,1,out,1,148.15
T20 #71,Mumbai vs Super Giants,Super Giants,6,Ayush Badoni,1,7,0,0,out,1,14.29
T20 #71,Mumbai vs Super Giants,Super Giants,7,Nicholas Pooran,0,1,0,0,out,1,0
T20 #71,Mumbai vs Super Giants,Super Giants,8,Deepak Hooda,15,13,0,1,out,1,115.38
T20 #71,Mumbai vs Super Giants,Super Giants,9,Krishnappa Gowtham,2,3,0,0,out,1,66.67
T20 #71,Mumbai vs Super Giants,Super Giants,10,Ravi Bishnoi,3,6,0,0,out,1,50
T20 #71,Mumbai vs Super Giants,Super Giants,11,Naveen-ul-Haq,1,5,0,0,not_out,0,20
T20 #71,Mumbai vs Super Giants,Super Giants,12,Mohsin Khan,0,7,0,0,out,1,0
T20 #72,Titans vs Mumbai,Titans,2,Wriddhiman Saha,18,16,3,0,out,1,112.5
T20 #72,Titans vs Mumbai,Titans,3,Shubman Gill,129,60,7,10,out,1,215
T20 #72,Titans vs Mumbai,Titans,4,Sai Sudharsan,43,31,5,1,out,1,138.71
T20 #72,Titans vs Mumbai,Titans,5,Hardik Pandya,28,13,2,2,not_out,0,215.38
T20 #72,Titans vs Mumbai,Titans,6,Rashid Khan,5,2,1,0,not_out,0,250
T20 #72,Titans vs Mumbai,Mumbai,2,Rohit Sharma,8,7,1,0,out,1,114.29
T20 #72,Titans vs Mumbai,Mumbai,3,Nehal Wadhera,4,3,1,0,out,1,133.33
T20 #72,Titans vs Mumbai,Mumbai,4,Cameron Green,30,20,2,2,out,1,150
T20 #72,Titans vs Mumbai,Mumbai,5,Suryakumar Yadav,61,38,7,2,out,1,160.53
T20 #72,Titans vs Mumbai,Mumbai,6,Tilak Varma,43,14,5,3,out,1,307.14
T20 #72,Titans vs Mumbai,Mumbai,7,Vishnu Vinod,5,7,0,0,out,1,71.43
T20 #72,Titans vs Mumbai,Mumbai,8,Tim David,2,3,0,0,out,1,66.67
T20 #72,Titans vs Mumbai,Mumbai,9,Chris Jordan,2,5,0,0,out,1,40
T20 #72,Titans vs Mumbai,Mumbai,10,Piyush Chawla,0,2,0,0,out,1,0
T20 #72,Titans vs Mumbai,Mumbai,11,Kumar Kartikeya,6,7,1,0,out,1,85.71
T20 #72,Titans vs Mumbai,Mumbai,12,Jason Behrendorff,3,5,0,0,not_out,0,60
T20 #73,Titans vs Super Kings,Titans,2,Wriddhiman Saha,54,39,5,1,out,1,138.46
T20 #73,Titans vs Super Kings,Titans,3,Shubman Gill,39,20,7,0,out,1,195
T20 #73,Titans vs Super Kings,Titans,4,Sai Sudharsan,96,47,8,6,out,1,204.26
T20 #73,Titans vs Super Kings,Titans,5,Hardik Pandya,21,12,0,2,not_out,0,175
T20 #73,Titans vs Super Kings,Titans,6,Rashid Khan,0,2,0,0,out,1,0
T20 #73,Titans vs Super Kings,Super Kings,2,Ruturaj Gaikwad,26,16,3,1,out,1,162.5
T20 #73,Titans vs Super Kings,Super Kings,3,Devon Conway,47,25,4,2,out,1,188
T20 #73,Titans vs Super Kings,Super Kings,4,Shivam Dube,32,21,0,2,not_out,0,152.38
T20 #73,Titans vs Super Kings,Super Kings,5,Ajinkya Rahane,27,13,2,2,out,1,207.69
T20 #73,Titans vs Super Kings,Super Kings,6,Ambati Rayudu,19,8,1,2,out,1,237.5
T20 #73,Titans vs Super Kings,Super Kings,7,MS Dhoni,0,1,0,0,out,1,0
T20 #73,Titans vs Super Kings,Super Kings,8,Ravindra Jadeja,15,6,1,1,not_out,0,250