name,team,battingStyle,bowlingStyle,playingRole,description,image
Abdul Basith,Royals,Right hand Bat,Right arm Offbreak,Allrounder,,https://www.espncricinfo.com/static/images/espncricinfo-og.png
Abdul Samad,Sunrisers,Right hand Bat,Legbreak,Batter,,https://img1.hscicdn.com/image/upload/f_auto/lsci/db/PICTURES/CMS/295300/295304.jpg
Abhinav Manohar,Titans,Right hand Bat,Legbreak Googly,Batting Allrounder,,https://www.espncricinfo.com/static/images/espncricinfo-og.png
Abhishek Sharma,Sunrisers,Left hand Bat,Slow Left arm Orthodox,Allrounder,"A hard-hitting lower-order batsman who also bowls fast and accurate left-arm spin. He first came into the limelight with a century on Under-19 debut for Punjab in the Vinoo Mankad Trophy. He led India to victory in the U-19 Asia Cup in 2016, before being replaced as captain by Prithvi Shaw months before the 2018 U-19 World Cup, where he remained an integral member of the squad. He was bought by Delhi Daredevils for INR 55 lakh ($85,000 approx) at the IPL auction in January 2018, and smashed an unbeaten 46 off 19 balls on debut for them. ESPNcricinfo staff",https://img1.hscicdn.com/image/upload/f_auto/lsci/db/PICTURES/CMS/356800/356824.1.png
Abishek Porel,Capitals,Left hand Bat,,Wicketkeeper Batter,,https://www.espncricinfo.com/static/images/espncricinfo-og.png
Adam Zampa,Royals,Right hand Bat,Legbreak Googly,Bowler,"An energetic and competitive legspinner, Adam Zampa emerged in Australia's limited-overs squads in 2016 after a successful summer for South Australia and the Melbourne Stars. In T20, especially, he has proven a hard man to get away, with subtle changes of pace and variations, including a wrong'un and straight ball making up for a lack of prodigious turn. He's a (mullet-wearing) colourful character off the field, but in contrast, his bowling, focusing on control, is clinical.",https://img1.hscicdn.com/image/upload/f_auto/lsci/db/PICTURES/CMS/263500/263543.1.jpg
Adil Rashid,Sunrisers,Right hand Bat,Legbreak,Bowler,"Adil Rashid did much to set right English cricket's troubled relationship with legspin when he established himself as the country's leading white-ball spinner in 2015 and four years later was a key part of their World Cup-winning side. At the time of Rashid's recall to the limited-overs set-up in 2015, no legspinner had taken more than five white-ball wickets for England; over the next six years, Rashid took more than 200.",https://img1.hscicdn.com/image/upload/f_auto/lsci/db/PICTURES/CMS/289600/289662.1.jpg
Aiden Markram,Sunrisers,Right hand Bat,Right arm Offbreak,Opening Batter,"The first South Africa captain to win a World Cup, albeit at age-group level, Aiden Markram announced himself as champion material early. He led South Africa's Under-19s to World Cup glory in 2014 and was also their leading run-scorer and third overall. It took him another three years to break into the senior side, but when he did, he made an impact right away with 97, 143 and 125 in his first three Tests, at home against Bangladesh and Zimbabwe. ",https://img1.hscicdn.com/image/upload/f_auto/lsci/db/PICTURES/CMS/317900/317970.jpg
Ajinkya Rahane,Super Kings,Right hand Bat,Right arm Medium,Top order Batter,"Ajinkya Rahane is a top-order Mumbai batsman who, with 1089 runs in his second Ranji season, was a crucial factor in Mumbai's 38th title win. Only 11 players have scored 1000 runs in a single Ranji season, and that puts his effort in perspective. Rahane's progression to the Mumbai Ranji team was a natural one - he had represented them at all age levels, and was always seen as a prospective Mumbai player if not more. His bumper Ranji season followed an impressive showing in the 2007-08 Duleep Trophy, where he scored 172 against an England Lions attack that comprised Graham Onions, Monty Panesar, Steve Kirby and Liam Plunkett. That innings came after followers of Mumbai cricket had started to write him off as a a fine talent but fit only to make a swift 50. Two years later, he had shown they were way off.",https://img1.hscicdn.com/image/upload/f_auto/lsci/db/PICTURES/CMS/312100/312159.png
Akash Deep,RCB,Right hand Bat,Right arm Fast medium,Bowling Allrounder,,https://img1.hscicdn.com/image/upload/f_auto/lsci/db/PICTURES/CMS/356800/356814.1.png
Akash Madhwal,Mumbai,Right hand Bat,Right arm Medium fast,Bowler,,https://img1.hscicdn.com/image/upload/f_auto/lsci/db/PICTURES/CMS/314900/314988.png
Akash Singh,Super Kings,Right hand Bat,Left arm Medium fast,Bowler,,https://img1.hscicdn.com/image/upload/f_auto/lsci/db/PICTURES/CMS/315000/315007.jpg
Akeal Hosein,Sunrisers,Left hand Bat,Slow Left arm Orthodox,Bowler,"Akeal Hosein was handed a chance to impress for West Indies in Bangladesh in early 2021 after several senior players opted out of the tour, but his opportunity had been a long time coming. ",https://img1.hscicdn.com/image/upload/f_auto/lsci/db/PICTURES/CMS/326100/326139.4.jpg
Alzarri Joseph,Titans,Right hand Bat,Right arm Fast,Bowler,"Tall fast bowler Alzarri Joseph started out as a legspinner in his backyard in Antigua before his height marked him out for a different style of bowling. In his teens he gained a reputation as one of the fastest bowlers on the school circuit, which carried over into the 2016 Under-19 World Cup, where he bowled the competition's fastest delivery, a 147kph zinger that broke Zimbabwe batter Brendan Sly's stumps. Joseph would finish as West Indies' highest wicket-taker of the tournament, with 13 wickets from six games at an economy of 3.31.",https://img1.hscicdn.com/image/upload/f_auto/lsci/db/PICTURES/CMS/321900/321943.png
Aman Hakim Khan,Capitals,Right hand Bat,Right arm Medium,Allrounder,,https://img1.hscicdn.com/image/upload/f_auto/lsci/db/PICTURES/CMS/338100/338165.4.jpg
Ambati Rayudu,Super Kings,Right hand Bat,Right arm Offbreak,Middle order Batter,"A pint-sized punisher who was in the news as much for his run-ins with management and umpires as for his fluent strokemaking, Ambati Rayudu has witnessed several twists and turns in his career.",https://img1.hscicdn.com/image/upload/f_auto/lsci/db/PICTURES/CMS/309000/309096.png
Amit Mishra,Super Giants,Right hand Bat,Legbreak,Bowler,"When he burst onto the scene in the early 2000s, Amit Mishra impressed with his classical, attacking legspin, relying mostly on flight and a big legbreak, while surprising batsmen with the odd googly. However, with two giant spinners - Anil Kumble and Harbhajan Singh - at the peak of their powers, there wasn't a place available for him in India's squad.",https://img1.hscicdn.com/image/upload/f_auto/lsci/db/PICTURES/CMS/304100/304193.png
Andre Russell,KKR,Right hand Bat,Right arm Fast,Allrounder,"A world-class seam-bowling allrounder from Jamaica, Andre Russell made his first-class debut at 19 and Test debut at 22, but it is as a T20 legend, sought after by every franchise league in the world, that he will be remembered.",https://img1.hscicdn.com/image/upload/f_auto/lsci/db/PICTURES/CMS/308900/308972.png
Anmolpreet Singh,Sunrisers,Right hand Bat,Right arm Offbreak,Batter,,https://img1.hscicdn.com/image/upload/f_auto/lsci/db/PICTURES/CMS/356800/356823.1.png
Anrich Nortje,Capitals,Right hand Bat,Right arm Fast,Bowler,"Anrich Nortje is a genuine quick who has been described as ""extremely exciting"" by none other than Dale Steyn. Like Steyn, Nortje is not a product of a big city but comes from the town of Uitenhage, north of Port Elizabeth, which is home to the largest Volkswagen factory in the African continent. It's hardly surprising then, that Nortje is well-acquainted with speed. He regularly sends the speed gun over 150kph and has a fearsome bouncer. ",https://img1.hscicdn.com/image/upload/f_auto/lsci/db/PICTURES/CMS/317900/317968.jpg
Anuj Rawat,RCB,Left hand Bat,,Wicketkeeper Batter,,https://img1.hscicdn.com/image/upload/f_auto/lsci/db/PICTURES/CMS/357600/357621.7.jpg
Anukul Roy,KKR,Left hand Bat,Slow Left arm Orthodox,Allrounder,,https://img1.hscicdn.com/image/upload/f_auto/lsci/db/PICTURES/CMS/338100/338166.4.jpg
Arjun Tendulkar,Mumbai,Left hand Bat,Left arm Medium fast,Bowler,,https://img1.hscicdn.com/image/upload/f_auto/lsci/db/PICTURES/CMS/357600/357633.4.jpg
Arshad Khan,Mumbai,Left hand Bat,Left arm Medium,Bowler,,https://www.espncricinfo.com/static/images/espncricinfo-og.png
Arshdeep Singh,Punjab Kings,Left hand Bat,Left arm Medium fast,Bowler,,https://img1.hscicdn.com/image/upload/f_auto/lsci/db/PICTURES/CMS/356700/356795.1.png
Atharva Taide,Punjab Kings,Left hand Bat,Slow Left arm Orthodox,Batting Allrounder,,https://img1.hscicdn.com/image/upload/f_auto/lsci/db/PICTURES/CMS/357000/357037.1.png
Avesh Khan,Super Giants,Right hand Bat,Right arm Fast medium,Bowler,,https://img1.hscicdn.com/image/upload/f_auto/lsci/db/PICTURES/CMS/200000/200065.1.jpg
Axar Patel,Capitals,Left hand Bat,Slow Left arm Orthodox,Bowling Allrounder,"Left-arm spinner Axar Patel has been increasingly handy with the bat in the lower order across formats - enough to be classified as a bowling allrounder. He played just one first-class game in his debut season for Gujarat, but had a more successful showing in 2013, when he was one of the key contributors to India Under-23s' title win in the ACC Emerging Teams Cup, with seven wickets, including a four-for in the semi-final against UAE. He was consistent for Gujarat with bat and ball in the Ranji Trophy that season, finishing with 369 runs at an average of 46.12 and 29 wickets at 23.58.",https://img1.hscicdn.com/image/upload/f_auto/lsci/db/PICTURES/CMS/329300/329344.4.jpg
Ayush Badoni,Super Giants,Right hand Bat,Right arm Offbreak,Batter,,https://www.espncricinfo.com/static/images/espncricinfo-og.png
Ben Stokes,Super Kings,Left hand Bat,Right arm Fast medium,Allrounder,"The great Irish sports writer Con Houlihan used to say that every team should have a redhead. And it's true that Ben Stokes' combative nature, allied to his powerful frame and outrageous talent, lifted England to another level. Never was that more true than when he secured his place in English cricket history with an indefatigable batting display in the 2019 World Cup final. In making an unbeaten 84 he exhausted every ounce of strength, talent and willpower and then when he imagined it might be all over he came out to bat once more to help win a Super Over by the narrowest of margins.",https://img1.hscicdn.com/image/upload/f_auto/lsci/db/PICTURES/CMS/305000/305019.jpg
Bhanuka Rajapaksa,Punjab Kings,Left hand Bat,Right arm Medium,Top order Batter,"An attacking left-handed batsman, Bhanuka Rajapaksa was selected for the 2010 Under-19 World Cup in New Zealand as one of the team's key batsmen. He lived upto his reputation, by finishing the leading run-scorer for his country with 253 runs. He had an excellent tour of Australia with the U-19 team in 2009, smashing 154 off 111 balls in a one-dayer and ended the series as the leading run-getter. He compares his batting style to Adam Gilchrist. His other sporting interests include squash and swimming.  Cricinfo Staff January 2010",https://img1.hscicdn.com/image/upload/f_auto/lsci/db/PICTURES/CMS/338100/338183.4.jpg
Bhuvneshwar Kumar,Sunrisers,Right hand Bat,Right arm Medium,Bowler,"At the time of his India debut in 2012, Bhuvneshwar Kumar seemed the answer to the side's fast-bowling scarcity; though middling in pace, he produced swing both ways and had a devastating inswinger. In his first T20I over, he bowled Nasir Jamshed; with his first ODI delivery, he bowled Mohammad Hafeez; and in his first Test series he played a part in India's first whitewash win in a four-Test series, against Australia in 2013.Â ",https://img1.hscicdn.com/image/upload/f_auto/lsci/db/PICTURES/CMS/304100/304194.png
Cameron Green,Mumbai,Right hand Bat,Right arm Fast medium,Batting Allrounder,"Cameron Green was earmarked as an international cricket from very early. Contracted to Western Australia as a schoolboy, he took 5 for 24 on first-class debut against Tasmania in February 2017 as a 17-year-old. He was selected initially for his bowling given his 200cm frame and his ability to deliver fast outswing but was plagued by stress fractures. However, throughout his junior days with Subiaco-Floreat and WA's junior teams his technically sound batting and an unquenchable thirst for scoring runs saw him emerge as a genuine allrounder of rare ability. ",https://img1.hscicdn.com/image/upload/f_auto/lsci/db/PICTURES/CMS/315600/315603.jpg
Chetan Sakariya,Capitals,Left hand Bat,Left arm Medium fast,Bowler,,https://img1.hscicdn.com/image/upload/f_auto/lsci/db/PICTURES/CMS/317200/317213.jpg
Chris Jordan,Mumbai,Right hand Bat,Right arm Fast medium,Bowler,"Chris Jordan, a fast bowler with a level-headed calmness and a fearsome yorker, found his niche as a death specialist in T20 cricket for England after initially breaking through as a bowling allrounder in Tests and ODIs. ",https://img1.hscicdn.com/image/upload/f_auto/lsci/db/PICTURES/CMS/303900/303926.jpg
Darshan Nalkande,Titans,Right hand Bat,Right arm Fast medium,Bowler,,https://img1.hscicdn.com/image/upload/f_auto/lsci/db/PICTURES/CMS/357400/357411.1.jpg
Dasun Shanaka,Titans,Right hand Bat,Right arm Medium,Allrounder,"An explosive middle-order batsman, and steady right-arm seam bowler, Dasun Shanaka worked his way into Sri Lanka's T20 side through several seasons of good performances for Sinhalese Sports Club. Born and educated in Negombo, Shanaka made his T20 international debut against Pakistan in August 2015, but it wasn't until the following domestic season that he achieved wide acclaim. Batting at No. 4 in an AIA Premier T20 match against Saracens Sports Club, Shanaka struck a Sri Lankan record 16 sixes in an innings worth 123 from 46 balls. That wasn't even his biggest T20 score of the last week. He had hit 131 off 48 balls against Galle Cricket Club one week earlier.",https://img1.hscicdn.com/image/upload/f_auto/lsci/db/PICTURES/CMS/327900/327999.7.jpg
David Miller,Titans,Left hand Bat,Right arm Offbreak,Middle order Batter,"A hard-hitting left-hander with a penchant for clearing the boundary, David Miller made famous the phrase ""If it's in the arc, it's out the park."" Miller is a self-styled finisher who is strong off the front and back foot and eager to swing his arms, as well as a gun fielder. ",https://img1.hscicdn.com/image/upload/f_auto/lsci/db/PICTURES/CMS/317900/317964.jpg
David Warner,Capitals,Left hand Bat,Legbreak,Opening Batter,David Warner's extraordinary batting feats in all three formats for Australia will forever be overshadowed by his role as the chief protagonist of the Newlands ball-tampering scandal of 2018 and his place as a central figure in Australian cricket's ensuing cultural crisis.,https://img1.hscicdn.com/image/upload/f_auto/lsci/db/PICTURES/CMS/263500/263541.1.jpg
David Wiese,KKR,Right hand Bat,Right arm Medium fast,Allrounder,"David Wiese joined a marked outflow of South Africa players into county cricket in the 2016-17 season when, at 31, he signed a three-year deal with Sussex, joining his compatriot Stiaan van Zyl. Wiese had not played international cricket since March 2016, and turned down a call-up for a home T20I series against Sri Lanka in making his decision to go Kolpak. ",https://img1.hscicdn.com/image/upload/f_auto/lsci/db/PICTURES/CMS/312100/312185.png
David Willey,RCB,Left hand Bat,Left arm Fast medium,Bowling Allrounder,"Naturally competitive, willing to innovate, capable of changing a game with bat or ball, stunning run-out or implausible catch, David Willey has a lot going for him as a limited-overs cricketer. ",https://img1.hscicdn.com/image/upload/f_auto/lsci/db/PICTURES/CMS/305000/305028.jpg
Deepak Chahar,Super Kings,Right hand Bat,Right arm Medium,Bowler,"Deepak Chahar is a classical swing bowler who added T20 smarts to his game to pick up 6 for 7 against Bangladesh in 2019, then the best bowling figures in T20Is. ",https://img1.hscicdn.com/image/upload/f_auto/lsci/db/PICTURES/CMS/315000/315014.jpg
Deepak Hooda,Super Giants,Right hand Bat,Right arm Offbreak,Allrounder,"An allrounder who can bat in any position, Deepak Hooda also bowls offbreaks, offers plenty of athleticism as a boundary fielder, and is an asset in any T20 side. His big hitting as a 19-year-old in his debut IPL season, in 2015, earned with the nickname ""Hurricane Hooda"", but more importantly, got him a Rs 4.2 crore (US$ 622,000 approx) contract with Sunrisers Hyderabad at the next auction. ",https://img1.hscicdn.com/image/upload/f_auto/lsci/db/PICTURES/CMS/343200/343251.4.jpg
Devdutt Padikkal,Royals,Left hand Bat,Right arm Offbreak,Top order Batter,,https://img1.hscicdn.com/image/upload/f_auto/lsci/db/PICTURES/CMS/308600/308625.1.jpg
Devon Conway,Super Kings,Left hand Bat,Right arm Medium,Wicketkeeper Batter,,https://img1.hscicdn.com/image/upload/f_auto/lsci/db/PICTURES/CMS/318500/318588.1.jpg
Dhruv Jurel,Royals,Right hand Bat,,Wicketkeeper Batter,,https://img1.hscicdn.com/image/upload/f_auto/lsci/db/PICTURES/CMS/338100/338190.4.jpg
Dinesh Karthik,RCB,Right hand Bat,Right arm Offbreak,Wicketkeeper Batter,"Not many would forget the sight of Dinesh Karthik in India colours, horizontal on the ground, as he stumped Michael Vaughan in 2004. It was his first dismissal as a wicketkeeper for India, but his international career never really took off. Around the time he began churning out consistent runs in domestic cricket, India had MS Dhoni at the helm and behind the stumps, so there was very little Karthik could do. A man who was an integral part of a Test series victory over England in 2007, who showed he could open the batting in spicy conditions, just could not capitalise on his second chances. ",https://img1.hscicdn.com/image/upload/f_auto/lsci/db/PICTURES/CMS/304100/304195.png
Duan Jansen,Mumbai,Right hand Bat,Left arm Fast,Bowler,,https://img1.hscicdn.com/image/upload/f_auto/lsci/db/PICTURES/CMS/357600/357638.3.jpg
Dwaine Pretorius,Super Kings,Right hand Bat,Right arm Medium fast,Bowling Allrounder,"A late-blooming allrounder who swapped pace for precision because of knee injuries, Dwaine Pretorius offered awayswingers and lower-order runs to South Africa in the post-Kallis era.",https://img1.hscicdn.com/image/upload/f_auto/lsci/db/PICTURES/CMS/317900/317962.jpg
Faf du Plessis,RCB,Right hand Bat,Legbreak,Middle order Batter,"Classy, composed and a fine crafter of innings', Faf du Plessis emerged as one of South Africa's most consistent batsmen in the post-Jacques Kallis era. Du Plessis is strong on the front foot, has impeccable defences and enjoys spending time at the crease. A natural leader, du Plessis was put in charge of the T20 side in February 2013 and formed part of the senior core in other formats. ",https://img1.hscicdn.com/image/upload/f_auto/lsci/db/PICTURES/CMS/317900/317961.jpg
Fazalhaq Farooqi,Sunrisers,Right hand Bat,Left arm Fast medium,Bowler,,https://img1.hscicdn.com/image/upload/f_auto/lsci/db/PICTURES/CMS/306700/306755.3.jpg
Glenn Maxwell,RCB,Right hand Bat,Right arm Offbreak,Batting Allrounder,"One of the fastest scorers in world cricket, Glenn Maxwell has lit up the limited-overs formats and, at times, shown he can transfer that to the red ball. His ability to make unconventional shots appear routine - reverse sweeps and pulls, for example - makes it hard to set fields to cover all of his scoring areas. His audacity comes with risk, and he can exasperate as well as exhilarate, but at his best he can change a game in moments.",https://img1.hscicdn.com/image/upload/f_auto/lsci/db/PICTURES/CMS/263500/263539.1.jpg
Glenn Phillips,Sunrisers,Right hand Bat,Right arm Offbreak,Wicketkeeper Batter,"Glenn Phillips is a compact, muscular hitter, known for playing outrageous shots, like the reverse pull. Born in South Africa, Phillips moved to New Zealand with his family at the age of five and has come through the cricket set-up in Auckland. He is a multi-dimensional player, who bats, bowls fastish offspin, fields superbly inside the ring and in the outfield, and keeps part-time as well.",https://img1.hscicdn.com/image/upload/f_auto/lsci/db/PICTURES/CMS/303500/303599.jpg
Gurnoor Brar,Punjab Kings,Left hand Bat,Right arm Fast,Bowler,,https://img1.hscicdn.com/image/upload/f_auto/lsci/db/PICTURES/CMS/357500/357585.4.jpg
Hardik Pandya,Titans,Right hand Bat,Right arm Medium fast,Allrounder,Allrounder Hardik Pandya's calling cards brisk seam bowling and powerful ball-striking marked by the ability to hit sixes from the first ball. ,https://img1.hscicdn.com/image/upload/f_auto/lsci/db/PICTURES/CMS/304200/304201.png
Harpreet Brar,Punjab Kings,Left hand Bat,Slow Left arm Orthodox,Bowler,,https://img1.hscicdn.com/image/upload/f_auto/lsci/db/PICTURES/CMS/357000/357021.1.png
Harpreet Singh,Punjab Kings,Left hand Bat,Right arm Medium,Batter,"A left-handed batting allrounder, Harpreet Singh hails from a small town in interior Madhya Pradesh called Dalli Rajhara. He scored 709 runs in seven matches in the Cooch Behar Trophy in 2008-09, which won him the award for the best Under-19 cricketer of the season. He was named vice-captain for the U-19 tour of Australia in 2009, where he scored a total of 262 runs at 52.40. He made his Ranji Trohy debut for MP later that year and was named in the U-19 squad for the World Cup in New Zealand.  Cricinfo Staff January 2010",https://img1.hscicdn.com/image/upload/f_auto/lsci/db/PICTURES/CMS/314900/314906.jpg
Harry Brook,Sunrisers,Right hand Bat,Right arm Medium,Batter,"In the winter of 2022-23, Harry Brook announced himself as one of the world's most exciting young players with a staggering run of form across formats, most particularly in England's rebooted Test team. After making his debut against South Africa in September 2022, Brook travelled to Pakistan and New Zealand with Ben Stokes' team, where he peeled off consecutive scores of 153, 87, 9, 111, 89, 54, and 186 to take his overall tally to 809 runs in nine innings, at an extraordinary strike-rate of 98.77. No player in Test history had started with a bigger bang - Vinod Kambli had 796 runs after his own ninth innings - and not even Brook's anticlimactic tenth innings (run out without facing in England's thrilling one-run defeat at Wellington) could take the gloss off his achievement. ",https://img1.hscicdn.com/image/upload/f_auto/lsci/db/PICTURES/CMS/271800/271830.jpg
Harshal Patel,RCB,Right hand Bat,Right arm Medium,Bowler,"A right-arm seamer with a big outswinger, Harshal Patel could have moved to the USA with his family, but he stayed on in India to pursue cricket. After taking 23 wickets at an impressive average of 11 in the 2008-09 Under-19 Vinoo Mankad Trophy, Harshal made his List-A debut for Gujarat in 2008-09. Harshal also played for India in the 2010 Under-19 World Cup in New Zealand and soon bagged an IPL contract with Mumbai Indians.",https://img1.hscicdn.com/image/upload/f_auto/lsci/db/PICTURES/CMS/309100/309102.png
Harshit Rana,KKR,Right hand Bat,Right arm Fast,Bowler,,https://img1.hscicdn.com/image/upload/f_auto/lsci/db/PICTURES/CMS/357000/357017.1.png
Heinrich Klaasen,Sunrisers,Right hand Bat,Right arm Offbreak,Wicketkeeper Batter,"A clean-hitting, wicketkeeper batsman, Heinrich Klaasen emerged on the scene at the same time that Quinton de Kock nailed down a place in the South African team, across all formats. As someone who had always combined the disciplines of batting and glovework, Klaasen hoped to make it in either skill and establish himself as all-round option, if required.",https://img1.hscicdn.com/image/upload/f_auto/lsci/db/PICTURES/CMS/317900/317958.jpg
Himanshu Sharma,RCB,Right hand Bat,Legbreak,Bowler,,https://img1.hscicdn.com/image/upload/f_auto/lsci/db/PICTURES/CMS/357600/357624.4.jpg
Hrithik Shokeen,Mumbai,Right hand Bat,Right arm Offbreak,Bowler,,https://img1.hscicdn.com/image/upload/f_auto/lsci/db/PICTURES/CMS/357600/357636.4.jpg
Ishan Kishan,Mumbai,Left hand Bat,,Wicketkeeper Batter,"A wicketkeeper and left-handed opening batsman from Jharkhand, the same state MS Dhoni hails from, Ishan Kishan led India at the Under-19 World Cup in 2016 in Bangladesh, where his team finished runners-up to West Indies.",https://img1.hscicdn.com/image/upload/f_auto/lsci/db/PICTURES/CMS/329300/329345.4.jpg
Ishant Sharma,Capitals,Right hand Bat,Right arm Fast medium,Bowler,"With a physique and attitude that is reminiscent of a young Javagal Srinath, Ishant Sharma shot into prominence during the 2007-08 Test series in Australia. Standing at 6'4"", his rhythmic, high-arm action allowed him to bowl at around 140 kph. For one who started serious cricket at 14, his rise was rapid and he made his Ranji Trophy debut at 18. An injury to Munaf Patel provided him an opening during India's tour of Bangladesh in May 2007 but it was in Australia where he caught the attention, prompting Steve Waugh to call him the next best thing in Indian cricket. He showed he could move the ball both ways and his probing spell in the second innings in Perth, where he set-up Ricky Ponting, is the stuff of folklore. He continued to impress in the one-day series, clocking more than 150kph once, and ended as India's highest wicket-taker in the triumphant campaign. ",https://img1.hscicdn.com/image/upload/f_auto/lsci/db/PICTURES/CMS/302300/302388.jpg
Jason Behrendorff,Mumbai,Right hand Bat,Left arm Fast medium,Bowler,"A left-arm bowler with good pace and the ability to swing the ball, Jason Behrendorff has come to prominence for Australia in limited-overs cricket as a new ball specialist. He was born in Sydney and raised in Canberra but has made his career with Western Australia after there during the 2009 off-season. He made his first-class debut in 2011-12 but his breakthrough season was 2013-14, when he finished second only to Steve O'Keefe on the Sheffield Shield wicket tally with 40 victims at 22.70. That season earned him a call-up to the Australia A squad for their four-day matches against South Africa in the 2014 winter. ",https://img1.hscicdn.com/image/upload/f_auto/lsci/db/PICTURES/CMS/289900/289948.jpg
Jason Holder,Royals,Right hand Bat,Right arm Medium fast,Bowling Allrounder,"Jason Holder was seen as a future talent until a selection panel headed by former World Cup-winner Clive Lloyd appointed him West Indies' ODI captain in 2014. Holder was only 23 at the time, and was still making his way as a fast bowler and a lower-middle order batsman. Less than a year later, he took over the Test team too, indicating how much the WICB and men in the know - ranging from Viv Richards to Brian Lara to Tony Cozier - believed in this man, who comes across as remarkably level-headed and mature for someone so young. ",https://img1.hscicdn.com/image/upload/f_auto/lsci/db/PICTURES/CMS/214700/214757.1.jpg
Jason Roy,KKR,Right hand Bat,,Opening Batter,If there was any doubt over the value of Jason Roy to England's limited-overs team - and there probably shouldn't have been - it was dispelled on the way to their World Cup triumph of 2019.,https://img1.hscicdn.com/image/upload/f_auto/lsci/db/PICTURES/CMS/303900/303963.jpg
Jayant Yadav,Titans,Right hand Bat,Right arm Offbreak,Bowler,"An offspinner from Haryana who can also bat in the lower order, Jayant Yadav made his first-class debut in 2011 at the age of 21. He picked up six wickets in that match, helping his side to a big win against Gujarat, but managed only one more in the two other Ranji Trophy matches he played that season.",https://img1.hscicdn.com/image/upload/f_auto/lsci/db/PICTURES/CMS/356700/356781.1.png
Jaydev Unadkat,Super Giants,Right hand Bat,Left arm Medium,Bowler,"A left-arm fast bowler, Jaydev Unadkat led India Under-19s' attack in the 2010 World Cup in New Zealand. He was first spotted at the  Duleep Sinh School of Cricket in Porbandar, where he impressed his coach Ram Odedra with his bowling action and ability to land the ball on the seam. ",https://img1.hscicdn.com/image/upload/f_auto/lsci/db/PICTURES/CMS/302300/302392.jpg
Jitesh Sharma,Punjab Kings,Right hand Bat,,Wicketkeeper Batter,"Wicketkeeper-batsman Jitesh Sharma broke into the Vidarbha senior side in the 2013-14 season on the back of strong performances in the 2012-13 Cooch Behar Trophy, where he scored 537 runs in 12 innings with two centuries and a fifty. He made his List A debut in the Vijay Hazare Trophy 2013-14 and for the first two seasons played only limited-overs matches for Vidarbha, batting mostly in the top order. ",https://www.espncricinfo.com/static/images/espncricinfo-og.png
Joe Root,Royals,Right hand Bat,"Right arm Offbreak, Legbreak",Top order Batter,"That Joe Root would one day captain England was taken as read when he hit the grand old age of 23. The accolade everybody anticipated became his three years later, when Alastair Cook stood down after the 2016-17 tour of India. It was understandable that there were a few fears for Root's future workload. He was rare among England batsmen in achieving maturity so quickly, and had looked consumed by the delights of batting from the moment he first took guard. Now he had new responsibilities. ",https://img1.hscicdn.com/image/upload/f_auto/lsci/db/PICTURES/CMS/303900/303966.jpg
Jofra Archer,Mumbai,Right hand Bat,Right arm Fast,Bowler,"Jofra Archer has rapidly become one of the most exciting young fast bowlers in English cricket. Born in Barbados to an English father and Bajan mother, the possibility of his inclusion in England's 2019 World Cup squad became subject of much speculation in the run-up to the tournament. Changes to the ECB's qualification rules led to him becoming eligible after three years of residency - rather than the expected seven - and he was quickly given his chance at international level.",https://img1.hscicdn.com/image/upload/f_auto/lsci/db/PICTURES/CMS/305000/305033.jpg
Jos Buttler,Royals,Right hand Bat,,Wicketkeeper Batter,"England have had many players down the ages who have gained world acclaim, but Jos Buttler is arguably their first global Twenty20 superstar. Buttler helped bring England's limited-overs batting into the 21st century, his impact on the one-day and T20 sides extraordinary as they turned a group-stage exit in the 2015 World Cup into a triumph on home soil four years later, with his efforts with the bat and the gloves crucial to their Super-Over victory in the final. In an 18-month period from mid-2014, he scored what at the time were England's three fastest one-day hundreds - thrilling innings against Sri Lanka at Lord's, New Zealand at Edgbaston and, topping the list, a 46-ball onslaught against Pakistan in Dubai. He has also shone at the IPL, and quickly became a senior player in the Test side since his surprise recall in 2018.",https://img1.hscicdn.com/image/upload/f_auto/lsci/db/PICTURES/CMS/303900/303969.jpg
Josh Hazlewood,RCB,Left hand Bat,Right arm Fast medium,Bowler,"A tall and accurate fast bowler who is unrelenting in his line and length, Josh Hazlewood became a fixture in Australia's Test attack as soon as he made his debut in December 2014. Although he was only 23 at the time, the baggy green had felt a long time coming, given that Hazlewood had been highly regarded for so long. At 17, he had become the youngest fast bowler to be selected by New South Wales, and at 19 he was in his first one-day international against England at Southampton, joining Craig McDermott and Ray Bright as the only Australian 19-year-olds to play the format so soon. Hazlewood was initially chosen for Australia's Test tour of India in late 2010 but was withdrawn due to a back stress injury, and it was not until four years later that he finally played his first Test, having added significant strength to his 196cm frame.",https://img1.hscicdn.com/image/upload/f_auto/lsci/db/PICTURES/CMS/263500/263531.1.jpg
Josh Little,Titans,Right hand Bat,Left arm Fast medium,Bowler,"A bustling left-arm seamer from Dublin, Josh Little made an immediate impression on ODI debut against England in 2019 when he took 4 for 45 - including the wicket of Eoin Morgan with a sharp bouncer - to leave the world's No. 1-ranked side struggling in an ultimately successful run chase.",https://img1.hscicdn.com/image/upload/f_auto/lsci/db/PICTURES/CMS/257600/257637.1.jpg
Kagiso Rabada,Punjab Kings,Left hand Bat,Right arm Fast,Bowler,"A strapping, genuine quick who regularly bowls in the 140-150kph range, Kagiso Rabada is the most exciting talent to emerge from South Africa in the post No.1 Test ranking era. Before he had turned 21, Rabada had already established himself as a potential leader of the attack. ",https://img1.hscicdn.com/image/upload/f_auto/lsci/db/PICTURES/CMS/317900/317954.jpg
Karan Sharma,Super Giants,Right hand Bat,Right arm Offbreak,Allrounder,,https://img1.hscicdn.com/image/upload/f_auto/lsci/db/PICTURES/CMS/357400/357412.3.jpg
Karn Sharma,RCB,Left hand Bat,Legbreak Googly,Bowler,"After Praveen Kumar and Bhuvneshwar Kumar, legspinner Karn Sharma became the third cricketer to hit the headlines from the small western Uttar Pradesh town of Meerut when he bagged a Rs 3.75 crore from Sunrisers Hyderabad in the 2014 IPL auction. It was the highest amount earned by a domestic uncapped player in the auction, and was reward for a solid season with Sunrisers in 2013, when he grabbed 11 wickets in 13 matches at an economy rate of 6.60. He formed a potent combination with India legspinner Amit Mishra as Sunrisers beat expectations to reach the semi-finals in their first season.",https://img1.hscicdn.com/image/upload/f_auto/lsci/db/PICTURES/CMS/309100/309104.png
Kartik Tyagi,Sunrisers,Right hand Bat,Right arm Fast,Bowler,,https://img1.hscicdn.com/image/upload/f_auto/lsci/db/PICTURES/CMS/299800/299848.1.jpg
Kedar Jadhav,RCB,Right hand Bat,Right arm Offbreak,Batting Allrounder,"Kedar Jadhav is an attacking middle-order batsman from Maharashtra who came into the limelight with a 29-ball 50 for Delhi Daredevils on his IPL debut. He scored six fifties and one century during the 2008-09 first-class season and those who have seen him bat for Maharashtra rate him as a natural Twenty20 player. Initially a part of the Royal Challengers Bangalore development squad, he was drafted in by Delhi, for whom his innings against Bangalore was a shot in the arm in a struggling season. He eventually returned to the Bangalore franchise in 2016. ",https://img1.hscicdn.com/image/upload/f_auto/lsci/db/PICTURES/CMS/302500/302569.jpg
Khaleel Ahmed,Capitals,Right hand Bat,Left arm Medium,Bowler,"A left-arm medium pacer and opening bowler for India Under-19s, Khaleel Ahmed has been a dependable performer at the youth level. He came into the Under-19 World Cup in 2016 with 12 wickets in three innings, including 3 for 29 against Sri Lanka in the final of the Tri-Nation Under-19s tournament in Colombo. He couldn't quite extend that wicket-taking form into the World Cup, but was a regular presence in the side.",https://img1.hscicdn.com/image/upload/f_auto/lsci/db/PICTURES/CMS/315000/315022.jpg
KL Rahul,Super Giants,Right hand Bat,,Wicketkeeper Batter,"A tall, elegant right-hand batsman who can keep wicket in a crisis, KL Rahul is among the most highly rated opening batsmen in India's next generation. Rahul was a part of India's squad in the 2010 Under-19 World Cup and made his first-class debut later that year. Having taken a while to establish himself as a first-class cricketer, he enjoyed a breakthrough 2013-14 season, laying the foundation for Karnataka's Ranji Trophy victory with 1033 runs, which included three centuries, three nineties, and a Man-of-the-Match performance in the final.",https://img1.hscicdn.com/image/upload/f_auto/lsci/db/PICTURES/CMS/304200/304207.png
KM Asif,Royals,Right hand Bat,Right arm Medium,Bowler,,https://img1.hscicdn.com/image/upload/f_auto/lsci/db/PICTURES/CMS/356800/356800.1.png
Krishnappa Gowtham,Super Giants,Right hand Bat,Right arm Offbreak,Bowling Allrounder,"An offspinning allrounder who was largely seen as a T20 specialist, K Gowtham changed his narrative in 2016 when he broke back into Karnataka's Ranji Trophy side and took 18 wickets in his first three matches. His consistency earned him a place with the India A team in 2017 and a gigantic pay-day in the 2018 IPL auction when he was bought by Rajasthan Royals for INR 6.2 crore (USD 968000 approx) Amid those highlights was a bit of controversy as well when he took leave from the Duleep Trophy in 2017, citing illness, and was found a few days a later playing in the Karnataka Premier League. The BCCI pulled him out of the squad to play New Zealand A for actions that were a ""gross insult to the system"".",https://img1.hscicdn.com/image/upload/f_auto/lsci/db/PICTURES/CMS/356800/356850.1.png
Krunal Pandya,Super Giants,Left hand Bat,Slow Left arm Orthodox,Allrounder,"Krunal Pandya, an allrounder and brother of Hardik Pandya, was drawn to the game as a result of his father Himanshu, taking his sons to the stadium in Vadodara when the cricket carnival came to town. The brothers started training at Kiran More's academy in the city. Krunal, who is seen as a limited-overs specialist, has played 4 List A games and 15 T20s for Baroda. However, he hasn't played since March 2015 due to a labral tear in his shoulder that required surgery. He did get picked up in the IPL auction by Mumbai Indians for INR 2 crores. ",https://img1.hscicdn.com/image/upload/f_auto/lsci/db/PICTURES/CMS/309000/309070.jpg
Kuldeep Sen,Royals,Right hand Bat,Right arm Fast,Bowler,,https://www.espncricinfo.com/static/images/espncricinfo-og.png
Kuldeep Yadav,Capitals,Left hand Bat,Left arm Wrist spin,Bowler,"Kuldeep Yadav started as a fast bowler when he first joined a cricket academy in Kanpur, but was asked by his coach Kapil Pandey to switch to something much rarer - left-arm wristspin. The change wasn't smooth - Kuldeep admitted that he had even tried once - but he soon realised bowling left-arm wristspin was the way forward for him. And he was good at it too, having not only solid control over the length, but also a potent wrong'un among his variations.",https://img1.hscicdn.com/image/upload/f_auto/lsci/db/PICTURES/CMS/304200/304208.png
Kuldip Yadav,Royals,Left hand Bat,Left arm Fast medium,Bowler,,https://www.espncricinfo.com/static/images/espncricinfo-og.png
Kulwant Khejroliya,KKR,Left hand Bat,Left arm Medium fast,Bowler,,https://img1.hscicdn.com/image/upload/f_auto/lsci/db/PICTURES/CMS/357000/357018.1.png
Kumar Kartikeya,Mumbai,Right hand Bat,"Slow Left arm Orthodox, Left arm Wrist spin",Bowler,,https://img1.hscicdn.com/image/upload/f_auto/lsci/db/PICTURES/CMS/357600/357637.4.jpg
Kyle Mayers,Super Giants,Left hand Bat,Right arm Medium,Batting Allrounder,"A left-handed batsman who bowls useful medium pace, Kyle Mayers travelled to England as a reserve for West Indies in 2020 before making his T20I debut in New Zealand later in the year. ",https://img1.hscicdn.com/image/upload/f_auto/lsci/db/PICTURES/CMS/316000/316081.png
Lalit Yadav,Capitals,Right hand Bat,Right arm Offbreak,Allrounder,,https://img1.hscicdn.com/image/upload/f_auto/lsci/db/PICTURES/CMS/336900/336900.4.jpg
Liam Livingstone,Punjab Kings,Right hand Bat,"Right arm Offbreak, Legbreak",Batting Allrounder,"The sense that Liam Livingstone is a domineering batting talent who will end up playing all three formats for England was strengthened by an excellent maiden Championship double-century for Lancashire against Warwickshire at Old Trafford in 2017. He had begun the season billed as the ""belligerent face of England's next generation"" after a successful England Lions tour of Sri Lanka, and England took an early look at him with two T20 appearances against South Africa before deciding that he needed more time to craft his game at county level. That double-hundred suggested his research was coming along just fine.",https://img1.hscicdn.com/image/upload/f_auto/lsci/db/PICTURES/CMS/356700/356798.1.png
Litton Das,KKR,Right hand Bat,Right arm Offbreak,Wicketkeeper Batter,Liton Das is the first wicketkeeper-batsman in Bangladesh considered good enough to be a long-term successor to Mushfiqur Rahim. His domestic exploits for Abahani in the Dhaka Premier League and Rangpur Division in the National Cricket League in the 2014-15 season earned him recognition and later a call-up in the senior side for the Test against India in Fatullah in June 2015.,https://img1.hscicdn.com/image/upload/f_auto/lsci/db/PICTURES/CMS/302900/302995.jpg
Lockie Ferguson,KKR,Right hand Bat,Right arm Fast,Bowler,"A right-arm quick with a good bouncer, it is Lockie Ferguson's speed that made a breakout star at the 2019 World Cup in England. Regularly hitting 150kph, Ferguson's raw speed bowling first change yielded 21 wickets at just 19.47 and an economy rate of 4.88. He finished second on the tournament wicket tally behind Mitchell Starc. He was rewarded with being named in the ICC's team of the tournament alongside skipper Kane Williamson. ",https://img1.hscicdn.com/image/upload/f_auto/lsci/db/PICTURES/CMS/303800/303800.png
M Shahrukh Khan,Punjab Kings,Right hand Bat,Right arm Offbreak,Batter,,https://img1.hscicdn.com/image/upload/f_auto/lsci/db/PICTURES/CMS/357500/357536.4.jpg
Maheesh Theekshana,Super Kings,Right hand Bat,Right arm Offbreak,Bowler,,https://img1.hscicdn.com/image/upload/f_auto/lsci/db/PICTURES/CMS/336200/336296.4.jpg
Mahipal Lomror,RCB,Left hand Bat,Slow Left arm Orthodox,Allrounder,"Born and brought up in Rajasthan, Mahipal Lomror started as a specialist batsman and later turned into an allrounder, who could bowl left-arm spin. Lomror is an aggressive batsman who fearlessly goes for the big shots, much like how his role model Adam Gilchrist used to. ",https://img1.hscicdn.com/image/upload/f_auto/lsci/db/PICTURES/CMS/315000/315015.jpg
Mandeep Singh,KKR,Right hand Bat,Right arm Medium,Allrounder,"Mandeep Singh's father, an athletics coach, did not approve of his son's cricketing ambitions. But what can you do when your son becomes one of the leading young batsmen in the country and goes on to be appointed India Under-19s vice-captain in the 2010 World Cup?",https://img1.hscicdn.com/image/upload/f_auto/lsci/db/PICTURES/CMS/356800/356825.1.png
Manish Pandey,Capitals,Right hand Bat,Right arm Medium,Top order Batter,"Manish Pandey will always be remembered as the first Indian to score a century in the IPL. In one night, the 19-year-old went from being Karnataka's next big Ranji hope to entering the record books as he hit his way to the highest Twenty20 score by an Indian. That century also meant he would not have to carry out his intention of following his father into the army if he did not make it as a professional cricketer.",https://img1.hscicdn.com/image/upload/f_auto/lsci/db/PICTURES/CMS/302500/302572.jpg
Marco Jansen,Sunrisers,Right hand Bat,Left arm Medium fast,Bowling Allrounder,"At 2.06 metres tall, Marco Jansen's height immediately marks him out as a fast bowler but he began his cricket career as a batter. Jansen's first coach was his father, Koos, who trained both him and his twin brother Duan in their home town of Potchefstroom. At the age of 17, the pair were picked to bowl to the touring Indian side in the nets and impressed the likes of Virat Kohli with his pace and accuracy. ",https://img1.hscicdn.com/image/upload/f_auto/lsci/db/PICTURES/CMS/335000/335050.4.jpg
Marcus Stoinis,Super Giants,Right hand Bat,Right arm Medium,Batting Allrounder,"A powerful, versatile batter and medium-pace bowler, Marcus Stoinis has become a mainstay in Australia's limited-overs sides as well as a dominant player in the BBL and a sought-after player in the IPL. ",https://img1.hscicdn.com/image/upload/f_auto/lsci/db/PICTURES/CMS/309100/309100.jpg
Mark Wood,Super Giants,Right hand Bat,Right arm Fast,Bowler,"It looked, for a while, as if Mark Wood would be another of those fast bowlers who promised more than they delivered.",https://img1.hscicdn.com/image/upload/f_auto/lsci/db/PICTURES/CMS/303900/303977.jpg
Matheesha Pathirana,Super Kings,Right hand Bat,Right arm Fast,Bowler,,https://img1.hscicdn.com/image/upload/f_auto/lsci/db/PICTURES/CMS/350000/350094.4.jpg
Matthew Short,Punjab Kings,Right hand Bat,Right arm Offbreak,Top order Batter,,https://img1.hscicdn.com/image/upload/f_auto/lsci/db/PICTURES/CMS/179400/179415.1.jpg
Mayank Agarwal,Sunrisers,Right hand Bat,Right arm Offbreak,Batter,"A prolific opening batsman since his Under-13 days with Bishop Cotton Boys' School, Bangalore, Mayank Agarwal modelled his style of batting on Virender Sehwag. Agarwal struck 432 runs at an average of 54 in five matches in the Under-19 Cooch Behar Trophy in 2008-09 and hit a match-winning 160 for India Under-19s, in a one-dayer against Australia Under-19s in Hobart in 2009.",https://img1.hscicdn.com/image/upload/f_auto/lsci/db/PICTURES/CMS/302300/302377.jpg
Mayank Dagar,Sunrisers,Right hand Bat,Slow Left arm Orthodox,Bowler,,https://img1.hscicdn.com/image/upload/f_auto/lsci/db/PICTURES/CMS/356800/356822.1.png
Mayank Markande,Sunrisers,Right hand Bat,Legbreak,Bowler,,https://img1.hscicdn.com/image/upload/f_auto/lsci/db/PICTURES/CMS/356800/356819.1.png
Michael Bracewell,RCB,Left hand Bat,Right arm Offbreak,Batting Allrounder,"The latest member of the Bracewell dynasty to represent New Zealand, Michael made a late introduction to international cricket when he was handed his ODI cap in 2022, playing three times against Netherlands. He was subsequently included in New Zealand's squad for their Test tour of England, and won a debut at Trent Bridge after the captain, Kane Williamson, was ruled out by a positive Covid test on the eve of the match.",https://img1.hscicdn.com/image/upload/f_auto/lsci/db/PICTURES/CMS/356800/356810.1.png
Mitchell Marsh,Capitals,Right hand Bat,Right arm Medium,Allrounder,"Part of one of the most well-known family names in Australian cricket, Mitchell Marsh, an allrounder who can hit 140kph and hard-hitting middle-order batsman, has been an alluring prospect for Australia in all three formats but has struggled to cement his place at international level despite some outstanding performances on the big stage.",https://img1.hscicdn.com/image/upload/f_auto/lsci/db/PICTURES/CMS/356700/356780.1.png
Mitchell Santner,Super Kings,Left hand Bat,Slow Left arm Orthodox,Bowling Allrounder,"A left-handed batsman and left-arm spinner, Mitchell Santner was first elevated to the New Zealand side after a promising 2014-15 domestic season. ",https://img1.hscicdn.com/image/upload/f_auto/lsci/db/PICTURES/CMS/356800/356846.1.png
Moeen Ali,Super Kings,Left hand Bat,Right arm Offbreak,Batting Allrounder,"Moeen Ali was tipped for the top long before he won his Test debut at the start of 2014. But, after building a reputation as an elegant batter, it was his offspin bowling that earned him the call-up when England were left reeling from the surprise retirement of Graeme Swann.",https://img1.hscicdn.com/image/upload/f_auto/lsci/db/PICTURES/CMS/289600/289661.1.jpg
Mohammed Shami,Titans,Right hand Bat,Right arm Fast,Bowler,"Mohammed Shami was India's leading fast bowler in the 2015 World Cup in Australia, when the team marched into the semi-finals and picked up 77 out of 80 wickets on offer. It was later revealed that he had played through that entire tournament - and the preceding Test series against the hosts, essentially four months - through a knee injury. His success can be attributed to his pace, accuracy and primarily his skill in moving the ball - both old and new. ",https://img1.hscicdn.com/image/upload/f_auto/lsci/db/PICTURES/CMS/304200/304210.png
Mohammed Siraj,RCB,Right hand Bat,Right arm Fast,Bowler,"Mohammed Siraj's rise as a seamer was remarkably swift. The son of an autorickshaw driver in Hyderabad, he only began playing the game in class seven. It was in 2015 that he first bowled with a cricket ball. In 2017, he bagged an IPL contract worth INR 2.6 crore. Months later, he was wearing an India shirt and bowling in a T20 international against New Zealand. ",https://img1.hscicdn.com/image/upload/f_auto/lsci/db/PICTURES/CMS/315600/315604.jpg
Mohit Rathee,Punjab Kings,Right hand Bat,Legbreak,Allrounder,,https://img1.hscicdn.com/image/upload/f_auto/lsci/db/PICTURES/CMS/357300/357393.1.png
Mohit Sharma,Titans,Right hand Bat,Right arm Medium,Bowler,"Although Mohit Sharma burst onto the domestic scene during Haryana's best Ranji Trophy season in 2011-12, he made his own headlines a year later. In his debut season Mohit had played just three matches when Haryana made an impressive run to the semi-finals, but during the 2012-13 Ranji season he emerged as one of the best fast bowlers in the country, finishing as the fifth-highest wicket-taker. Despite that, not many had seen or known about the youngster from Faridabad, who had been on the fringes ever since he rose through age-group cricket camps organised by the Haryana Cricket Association. ",https://img1.hscicdn.com/image/upload/f_auto/lsci/db/PICTURES/CMS/307400/307489.png
Mohsin Khan,Super Giants,Left hand Bat,Left arm Medium fast,Bowler,,https://img1.hscicdn.com/image/upload/f_auto/lsci/db/PICTURES/CMS/357400/357414.3.jpg
MS Dhoni,Super Kings,Right hand Bat,Right arm Medium,Wicketkeeper Batter,"Barring Sachin Tendulkar and Virat Kohli, MS Dhoni is probably the most popular and definitely the most scrutinised cricketer from India. He has got to this point coming from the cricketing backwaters, the mining state of Jharkhand, and through a home-made batting and wicketkeeping technique, and a style of captaincy that scales the highs and lows of both conservatism and unorthodoxy. Under Dhoni's captaincy, India have won the top prize in all formats: topping the Test rankings for 18 months starting December 2009, the 50-over World Cup in 2011 and the World T20 on his captaincy debut in 2007.",https://img1.hscicdn.com/image/upload/f_auto/lsci/db/PICTURES/CMS/302400/302402.jpg
Mukesh Kumar,Capitals,Right hand Bat,Right arm Medium,Bowler,,https://www.espncricinfo.com/static/images/espncricinfo-og.png
Murugan Ashwin,Royals,Right hand Bat,Legbreak Googly,Bowler,"M Ashwin, a legbreak bowler, finished the 2015-16 Syed Mushtaq Ali Trophy as Tamil Nadu's second-highest wicket-taker with 10 wickets, and a month later acquired a contract with Rising Pune Supergiants for INR 4.5 crores. Although he has played just three first-class matches, his economy rate of 5.52 in the T20 tournament went a long way in securing him a spot with the new franchise. Ashwin's early years were spent at the cricket academy run by CS Suresh Kumar, the former Tamil Nadu batsman, before making the transition to the senior side on the back of strong performances for the state's Under-23s side. Ashwin has been a regular feature over the years as a net bowler for Chennai Super Kings.",https://img1.hscicdn.com/image/upload/f_auto/lsci/db/PICTURES/CMS/309000/309077.jpg
Mustafizur Rahman,Capitals,Left hand Bat,Left arm Fast medium,Bowler,"Mustafizur Rahman is a left-arm pace bowler who came to Dhaka to try out for a fast-bowling camp in 2012, after he had impressed in an Under-17 tournament in Satkhira, some 300km from Dhaka. He got admitted to the BCB's pace foundation and soon caught the coaches' attention to make the Bangladesh Under-19 side for the 2014 World Cup. ",https://img1.hscicdn.com/image/upload/f_auto/lsci/db/PICTURES/CMS/263500/263578.jpg
Narayan Jagadeesan,KKR,Right hand Bat,,Opening Batter,,https://img1.hscicdn.com/image/upload/f_auto/lsci/db/PICTURES/CMS/309100/309103.square.png
Nathan Ellis,Punjab Kings,Right hand Bat,Right arm Fast medium,Bowler,,https://img1.hscicdn.com/image/upload/f_auto/lsci/db/PICTURES/CMS/327000/327014.4.jpg
Navdeep Saini,Royals,Right hand Bat,Right arm Fast,Bowler,,https://img1.hscicdn.com/image/upload/f_auto/lsci/db/PICTURES/CMS/356800/356809.1.png
Naveen-ul-Haq,Super Giants,Right hand Bat,Right arm Medium fast,Bowler,,https://img1.hscicdn.com/image/upload/f_auto/lsci/db/PICTURES/CMS/303200/303285.jpg
Nehal Wadhera,Mumbai,Left hand Bat,Legbreak,Top order Batter,,https://img1.hscicdn.com/image/upload/f_auto/lsci/db/PICTURES/CMS/357800/357843.1.png
Nicholas Pooran,Super Giants,Left hand Bat,Right arm Offbreak,Wicketkeeper Batter,"Nicholas Pooran confirmed his status as one of the most exciting young batting talents in the modern game with a sublime innings of 118 off 103 in West Indies' defeat to Sri Lanka at the 2019 World Cup, but only four years earlier the idea that he would play international cricket seemed fanciful.",https://img1.hscicdn.com/image/upload/f_auto/lsci/db/PICTURES/CMS/302200/302286.jpg
Nitish Kumar Reddy,Sunrisers,Right hand Bat,Right arm Medium fast,Batting Allrounder,,https://img1.hscicdn.com/image/upload/f_auto/lsci/db/PICTURES/CMS/314800/314899.png
Nitish Rana,KKR,Left hand Bat,"Right arm Medium, Right arm Offbreak, Legbreak",Middle order Batter,"An aggressive left-handed batsman who bowls part-time offspin, Nitish Rana was one of the shining lights for Delhi in an otherwise dark 2015-16 season, which was plagued by off-field controversies. He struck 299 runs and 21 sixes - the most by any batsman in the tournament - in Delhi's run to the semi-final of the 2015-16 Syed Mushtaq Ali Trophy. Out of the 21 sixes, eight came in an innings of 97 off 40 balls against Andhra.",https://img1.hscicdn.com/image/upload/f_auto/lsci/db/PICTURES/CMS/356700/356782.1.png
Noor Ahmad,Titans,Right hand Bat,Left arm Wrist spin,Bowler,,https://img1.hscicdn.com/image/upload/f_auto/lsci/db/PICTURES/CMS/311200/311270.jpg
Obed McCoy,Royals,Left hand Bat,Left arm Fast medium,Bowler,,https://img1.hscicdn.com/image/upload/f_auto/lsci/db/PICTURES/CMS/322000/322031.png
Phil Salt,Capitals,Right hand Bat,Right arm Offbreak,Wicketkeeper Batter,"Phil Salt's fearless ball-striking at the top of the Sussex order earned him attention from across the global T20 circuit and a maiden England call-up in 2019, though he was made to wait until 2021 for his debut when he performed a passable impression of Jason Roy in the Covid-hit ODI series against Pakistan.",https://img1.hscicdn.com/image/upload/f_auto/lsci/db/PICTURES/CMS/312100/312181.png
Piyush Chawla,Mumbai,Left hand Bat,Legbreak,Bowling Allrounder,"Piyush Chawla is one for early impact. As a 15-year-old he represented India Under-19 and Uttar Pradesh U-22. Before he made his first-class debut, at 17, he had already bowled Sachin Tendulkar with a googly in a Challenger Series match. In his first first-class season, he took 35 wickets and scored 224 runs to help UP win their first Ranji Trophy. In his teens he played two Test matches too, against England and South Africa. He took three wickets on ODI debut in Bangladesh in 2007, and 14 during India's tour of Ireland and England the same year, often troubling Kevin Pietersen with the googlies and the straighter ones.",https://img1.hscicdn.com/image/upload/f_auto/lsci/db/PICTURES/CMS/304200/304219.png
Prabhsimran Singh,Punjab Kings,Right hand Bat,,Wicketkeeper Batter,,https://img1.hscicdn.com/image/upload/f_auto/lsci/db/PICTURES/CMS/352900/352932.4.jpg
Praveen Dubey,Capitals,Right hand Bat,Legbreak Googly,Bowler,"A legspinner, Praveen Dubey broke into the Karnataka List-A side in the 2015-16 season, after impressive performances in the 20-over Karnataka Premier League. He picked up seven wickets in six matches for Hubli Tigers at an economy rate of 5.90 in the 2014-15 edition of the KPL. Dubey bettered that the following season, taking eight wickets in nine KPL matches for Belgavi Panthers at an economy rate of 6.89.",https://img1.hscicdn.com/image/upload/f_auto/lsci/db/PICTURES/CMS/310700/310753.jpg
Prerak Mankad,Super Giants,Right hand Bat,Right arm Medium,Allrounder,,https://www.espncricinfo.com/static/images/espncricinfo-og.png
Prithvi Shaw,Capitals,Right hand Bat,Right arm Offbreak,Opening Batter,"Prithvi Shaw shot to prominence as a 14-year old when he scored 546 off 330 balls, an innings that contained 85 fours and five sixes, for his school Rizvi Springfield in the Harris Shield, an age-group cricket tournament in Mumbai in 2013. Shaw's innings was then the highest score in school cricket. ",https://img1.hscicdn.com/image/upload/f_auto/lsci/db/PICTURES/CMS/356800/356848.1.png
Priyam Garg,Capitals,Right hand Bat,Right arm Medium,Top order Batter,,https://img1.hscicdn.com/image/upload/f_auto/lsci/db/PICTURES/CMS/309000/309082.png
Quinton de Kock,Super Giants,Left hand Bat,,Wicketkeeper Batter,"Quinton de Kock's fearless striking and handy glovework earned him comparisons to greats of the game like Adam Gilchrist and Mark Boucher early in his career. By 21, he shared the record for the most successive ODI centuries - three - before it was bettered by Kumar Sangakkara. A year later, he had established himself in all three formats for South Africa. ",https://img1.hscicdn.com/image/upload/f_auto/lsci/db/PICTURES/CMS/317900/317947.jpg
Raghav Goyal,Mumbai,Left hand Bat,Left arm Wrist spin,Bowler,,https://img1.hscicdn.com/image/upload/f_auto/lsci/db/PICTURES/CMS/357600/357635.4.jpg
Rahmanullah Gurbaz,KKR,Right hand Bat,,Wicketkeeper Batter,,https://img1.hscicdn.com/image/upload/f_auto/lsci/db/PICTURES/CMS/357000/357020.1.png
Rahul Chahar,Punjab Kings,Right hand Bat,Legbreak Googly,Bowler,"Legspinner Rahul Chahar was a key member of Mumbai Indians' two IPL title-winning sides at the end of the 2010s. He took 28 wickets in the wins in 2019 and 2020, playing nearly all the team's games. The year after, fresh off two T20Is against England, when Mumbai had a middling season, he did just as well, taking 13 wickets and finishing as their second most prolific wicket-taker.",https://img1.hscicdn.com/image/upload/f_auto/lsci/db/PICTURES/CMS/329300/329346.4.jpg
Rahul Tewatia,Titans,Left hand Bat,Legbreak,Bowling Allrounder,"Stocky 29-year-old allrounder Rahul Tewatia burst into the IPL's consciousness in 2020, when, promoted to No. 4 by Rajasthan Royals in a chase of 224 against Kings XI Punjab, he crawled to 8 off 19 balls before turning into Mr Hyde and smacking five sixes off an over, taking his side to an unlikely win. A few games on, he produced an only slightly less impressive encore, lashing 45 from No. 7 in a chase of 159.",https://img1.hscicdn.com/image/upload/f_auto/lsci/db/PICTURES/CMS/184200/184293.jpg
Rahul Tripathi,Sunrisers,Right hand Bat,Right arm Medium,Top order Batter,"A technically correct middle-order batter, Rahul Tripathi came to the game in the footsteps of his father, an army man who in his time turned out for Uttar Pradesh in junior cricket and also played at university level. ",https://img1.hscicdn.com/image/upload/f_auto/lsci/db/PICTURES/CMS/356800/356821.1.png
Rajvardhan Hangargekar,Super Kings,Right hand Bat,Right arm Fast medium,Bowling Allrounder,,https://img1.hscicdn.com/image/upload/f_auto/lsci/db/PICTURES/CMS/336200/336292.4.jpg
Rashid Khan,Titans,Right hand Bat,Legbreak Googly,Bowling Allrounder,"Rashid Khan has been Afghanistan's first global superstar, and the key to their successes in their early years in international cricket. His extraordinarily effective legspin has made him one of the greatest T20 bowlers ever, among the first names on wishlists of teams in leagues all around the world. ",https://img1.hscicdn.com/image/upload/f_auto/lsci/db/PICTURES/CMS/289200/289234.1.jpg
Ravi Bishnoi,Super Giants,Right hand Bat,Legbreak Googly,Bowler,,https://img1.hscicdn.com/image/upload/f_auto/lsci/db/PICTURES/CMS/335000/335051.4.jpg
Ravichandran Ashwin,Royals,Right hand Bat,Right arm Offbreak,Bowling Allrounder,"R Ashwin took the tricks and skills he learned playing tennis-ball cricket on the streets of Chennai, particularly the soduku ball, a finger-flicked legbreak, to Test cricket, where he became perhaps the leading offspinner of the first quarter of the 21st century.",https://img1.hscicdn.com/image/upload/f_auto/lsci/db/PICTURES/CMS/302300/302395.jpg
Ravindra Jadeja,Super Kings,Left hand Bat,Slow Left arm Orthodox,Allrounder,"Dissed when he first appeared, Ravindra Jadeja won the doubters and haters over with his deeds, and now sits among the elite of Indian spin bowling.",https://img1.hscicdn.com/image/upload/f_auto/lsci/db/PICTURES/CMS/302300/302394.jpg
Reece Topley,RCB,Right hand Bat,Left arm Fast medium,Bowler,"A left-arm seamer with a fearsome yorker but a chequered injury history, Reece Topley's career was in peril before his 25th birthday as he suffered a series of stress fractures that left him wondering whether he would ever be able to play again.",https://img1.hscicdn.com/image/upload/f_auto/lsci/db/PICTURES/CMS/356800/356811.1.png
Rilee Rossouw,Capitals,Left hand Bat,Right arm Offbreak,Top order Batter,"A stylish top-order player with an elegant and authoritative drive, Rilee Rossouw has been a high-impact batter for South Africa in limited-overs cricket.  ",https://img1.hscicdn.com/image/upload/f_auto/lsci/db/PICTURES/CMS/312100/312176.png
Riley Meredith,Mumbai,Right hand Bat,Right arm Fast,Bowler,,https://img1.hscicdn.com/image/upload/f_auto/lsci/db/PICTURES/CMS/313600/313637.1.jpg
Rinku Singh,KKR,Left hand Bat,Right arm Offbreak,Middle order Batter,,https://img1.hscicdn.com/image/upload/f_auto/lsci/db/PICTURES/CMS/338100/338171.4.jpg
Ripal Patel,Capitals,Right hand Bat,Right arm Medium fast,Middle order Batter,,https://img1.hscicdn.com/image/upload/f_auto/lsci/db/PICTURES/CMS/356800/356826.1.png
Rishi Dhawan,Punjab Kings,Right hand Bat,Right arm Medium fast,Allrounder,"Rishi Dhawan graduated from being an opening batsman in junior cricket to a seam-bowling allrounder, who largely relies on slow variations and cutters. His domestic performances for Himachal Pradesh, a bulk of which came in seamer-friendly conditions in Dharamsala, earned him an ODI debut during the limited-overs series in Australia in January 2016.",https://img1.hscicdn.com/image/upload/f_auto/lsci/db/PICTURES/CMS/314900/314991.jpg
Riyan Parag,Royals,Right hand Bat,Legbreak,Top order Batter,,https://img1.hscicdn.com/image/upload/f_auto/lsci/db/PICTURES/CMS/271800/271898.jpg
Rohit Sharma,Mumbai,Right hand Bat,Right arm Offbreak,Top order Batter,"Languid and easy on the eye, Rohit Sharma owned all the shots in the book when he emerged from the Mumbai suburbs as heir apparent to the Indian batting greats of the 2000s. It took him time and persistence, but by the 2010s he had become a colossus in white-ball cricket, and the man in charge of perhaps the most formidable league team in the first age of T20.",https://img1.hscicdn.com/image/upload/f_auto/lsci/db/PICTURES/CMS/302300/302374.jpg
Romario Shepherd,Super Giants,Right hand Bat,Right arm Fast medium,Bowling Allrounder,,https://img1.hscicdn.com/image/upload/f_auto/lsci/db/PICTURES/CMS/322000/322037.png
Rovman Powell,Capitals,Right hand Bat,Right arm Medium fast,Middle order Batter,"A middle-order batter who bowls occasional medium pace, Rovman Powell has been a semi-regular presence in West Indies' white-ball squads from the mid-2010s without quite nailing down a spot. ",https://img1.hscicdn.com/image/upload/f_auto/lsci/db/PICTURES/CMS/246200/246267.1.jpg
Ruturaj Gaikwad,Super Kings,Right hand Bat,Right arm Offbreak,Batter,"Ruturaj Gaikwad entered the Indian cricket fan's consciousness with a bang in 2021, when he made a whopping 635 runs for title winners Chennai Super Kings. The previous season the franchise had taken a punt on Gaikwad as one for the future, slotting him in as an anchoring opener who could attack when needed. They gave him six games and he showed what he was capable of, with over 200 runs. ",https://img1.hscicdn.com/image/upload/f_auto/lsci/db/PICTURES/CMS/356700/356779.1.png
Sai Sudharsan,Titans,Left hand Bat,Legbreak,Top order Batter,,https://img1.hscicdn.com/image/upload/f_auto/lsci/db/PICTURES/CMS/361800/361891.1.png
Sam Curran,Punjab Kings,Left hand Bat,Left arm Medium fast,Allrounder,"Sam Curran, younger brother of Tom Curran, his fellow Surrey all-rounder, and son of the former Zimbabwe cricketer Kevin Curran, fulfilled his destiny at the age of 19 years and 363 days, when he made his Test debut against Pakistan at Headingley in June 2018. One Test later, he scooped his maiden Man-of-the-Match award, after four first-innings wickets and a thrilling counter-attacking half-century had given England the edge in a gripping Edgbaston Test against India. His success merely heightened the debate as to whether batting or bowling will ultimately become his strongest suit. ",https://img1.hscicdn.com/image/upload/f_auto/lsci/db/PICTURES/CMS/304300/304324.jpg
Sandeep Sharma,Royals,Right hand Bat,Right arm Medium,Bowler,"A right-arm medium pacer in the Praveen Kumar mould, Sandeep Sharma is an accurate bowler, capable of swinging the ball and sending down economical spells. Sandeep, who began as a batsman for his school in Patiala before his coach persuaded him to take up bowling seriously, was part of India's Under-19 squad for the 2010 World Cup in New Zealand. He came into his own in the same event two years later, in Australia, where he took four wickets in the final, against the hosts, and finished as the joint-highest wicket-taker for India (12). As a result, Sandeep was signed by Kings XI Punjab ahead of the 2013 season. In three seasons for his franchise, Sandeep not only took 39 wickets, but was regularly employed by his captain George Bailey to bowl the death overs. Sandeep was soon drafted into India's T20 side for the two-match series against Zimbabwe in 2015, where he failed to deliver. In 2014, however, Sandeep suffered a stress fracture of the back that kept him out of competitive cricket for five months. He returned strongly to claim 28 scalps in the 2014-15 Ranji Trophy, the most for his side.  ESPNcricinfo Staff",https://img1.hscicdn.com/image/upload/f_auto/lsci/db/PICTURES/CMS/149100/149117.jpg
Sanju Samson,Royals,Right hand Bat,,Wicketkeeper Batter,"Sanju Samson was perhaps the first top-drawer Indian player to be known primarily for his feats for his IPL franchise than for the national side. A Rajasthan Royals mainstay, he has made over 3000 runs for them in the course of his first eight seasons.",https://img1.hscicdn.com/image/upload/f_auto/lsci/db/PICTURES/CMS/318800/318843.jpg
Sanvir Singh,Sunrisers,Right hand Bat,Right arm Medium,Allrounder,,https://img1.hscicdn.com/image/upload/f_auto/lsci/db/PICTURES/CMS/357500/357584.4.jpg
Sarfaraz Khan,Capitals,Right hand Bat,Legbreak,Middle order Batter,"Sarfaraz Khan rose to prominence when, aged 12, he broke the record for the highest score in the Harris Shield inter-school tournament, making 439 for Rizvi Springfield in an innings that featured 56 fours and 12 sixes. However, prior to his introduction to the global scene, Sarfaraz was suspended on charges of fudging his age by the Mumbai Cricket Association, before the board eventually accepted the results of an advanced test. ",https://img1.hscicdn.com/image/upload/f_auto/lsci/db/PICTURES/CMS/336800/336899.4.jpg
Shahbaz Ahmed,RCB,Left hand Bat,Slow Left arm Orthodox,Allrounder,,https://img1.hscicdn.com/image/upload/f_auto/lsci/db/PICTURES/CMS/308600/308627.1.jpg
Shardul Thakur,KKR,Right hand Bat,Right arm Medium,Bowler,"An aggressive quick bowler, who can swing the ball away from the right-handers even while hitting the pitch hard, Shardul Thakur has established himself as the spearhead of Mumbai's attack. With the new ball, Thakur's at-the-batsman method forms a neat counterpoint to Dhawal Kulkarni's more metronomic style, and the two combined brilliantly to win Mumbai their 41st Ranji Trophy title in February 2016. Thakur picked up eight wickets in the final against Saurashtra, and his dismissal of Cheteshwar Pujara on the third day, the ball rearing up from a length to hit the shoulder of the bat, was perhaps the ball of the match.",https://img1.hscicdn.com/image/upload/f_auto/lsci/db/PICTURES/CMS/302300/302372.jpg
Shikhar Dhawan,Punjab Kings,Left hand Bat,Right arm Offbreak,Opening Batter,"Shikhar Dhawan stunned all observers, and Australia, when he stroked his way to the fastest Test century by a debutant. That debut, in Mohali in 2012-13, came to Dhawan in his ninth year of first-class cricket after he had been written off by almost everybody, not least because India's opening combination had been fixed to the most prolific combination in their Test history: Virender Sehwag and Gautam Gambhir.",https://img1.hscicdn.com/image/upload/f_auto/lsci/db/PICTURES/CMS/302300/302373.jpg
Shimron Hetmyer,Royals,Left hand Bat,,Top order Batter,"Left-hander Shimron Hetmyer catches the eye as much for his attacking strokeplay as for his hair, coloured various shades of the rainbow. ",https://img1.hscicdn.com/image/upload/f_auto/lsci/db/PICTURES/CMS/356800/356802.1.png
Shivam Dube,Super Kings,Left hand Bat,Right arm Medium,Allrounder,,https://img1.hscicdn.com/image/upload/f_auto/lsci/db/PICTURES/CMS/356700/356768.1.png
Shubman Gill,Titans,Right hand Bat,Right arm Offbreak,Opening Batter,"A right-hand top-order batsman from Punjab, Shubman Gill is known for his penchant for big runs and was hence drafted into India Under-19 side as the vice-captain for the 2018 World Cup. He made his first-class debut before that, for Punjab in the Ranji Trophy in late 2017 with a half-century in the game and an attacking 129 in the next match.",https://img1.hscicdn.com/image/upload/f_auto/lsci/db/PICTURES/CMS/312100/312153.jpg
Sikandar Raza,Punjab Kings,Right hand Bat,Right arm Offbreak,Batting Allrounder,"Sikandar Raza's story isn't that of your everyday international cricketer. He is not a teenage prodigy, nor is he someone who had a burning ambition to play for his country. He journeyed through from his adolescence to adulthood and stumbled upon the sport he sometimes played as a child, only to discover he is quite good at it.",https://img1.hscicdn.com/image/upload/f_auto/lsci/db/PICTURES/CMS/181300/181305.1.jpg
Sisanda Magala,Super Kings,Right hand Bat,Right arm Fast medium,Bowler,"Celebrated as one of the best death bowlers in South Africa and with Dale Steyn as his biggest fan, Sisanda Magala has a good yorker, the ability to change his pace and keep his cool when matters are at their most tense. He is also known as an end-of-innings power-hitter with the kind of all-round qualities needed to succeed in the modern white-ball game. ",https://img1.hscicdn.com/image/upload/f_auto/lsci/db/PICTURES/CMS/324700/324707.1.jpg
Sunil Narine,KKR,Left hand Bat,Right arm Offbreak,Bowling Allrounder,"Mystery spinner Sunil Narine is perhaps the first high-profile cricketer to make a career as a T20 specialist slow bowler, armed with a bag of variations - skidders, knuckleballs, carrom balls and more - for every occasion, and a party trick of thrashing quick runs up or down the order with the bat. ",https://img1.hscicdn.com/image/upload/f_auto/lsci/db/PICTURES/CMS/203300/203303.1.jpg
Suryakumar Yadav,Mumbai,Right hand Bat,"Right arm Medium, Right arm Offbreak",Batter,"Hard-hitting 360-degree batter Suryakumar Yadav has all the shots, including a few not in any textbook save the one written by AB de Villiers. he also has a yen for making batting look easy, as he showed during four golden years with Mumbai Indians starting in 2018, during which they won the IPL title twice, thanks in no small part to his 1700-plus runs at a strike rate of around 140.",https://img1.hscicdn.com/image/upload/f_auto/lsci/db/PICTURES/CMS/329300/329343.4.jpg
Suyash Prabhudessai,RCB,Right hand Bat,Right arm Medium,Batting Allrounder,,https://img1.hscicdn.com/image/upload/f_auto/lsci/db/PICTURES/CMS/357600/357630.4.jpg
Suyash Sharma,KKR,Right hand Bat,Legbreak Googly,Bowler,,https://img1.hscicdn.com/image/upload/f_auto/lsci/db/PICTURES/CMS/357000/357016.1.png
Swapnil Singh,Super Giants,Right hand Bat,Slow Left arm Orthodox,Bowler,"Swapnil Singh's spin career has been a rollercoaster. The left-armer was part of 25 probables for the 2008 Under-19 World Cup but ultimately did not make the squad for Malaysia. However, he made his first-class debut, for Baroda, at the age of 14 years and 355 days. Over the next ten years he played just 76 domestic matches, of which 31 came in 2014-15 and 2015-16. Swapnil claimed the second-best bowling figures in the Syed Mushtaq Ali tournament - 6 for 19 -  and was later bought for INR 10 lakhs by Kings XI Punjab at the 2016  auction. Swapnil had earlier been part of the Mumbai Indians squad, but was yet to get a game in the IPL.ESPNcricinfo staff",https://img1.hscicdn.com/image/upload/f_auto/lsci/db/PICTURES/CMS/357000/357025.1.png
T Natarajan,Sunrisers,Left hand Bat,Left arm Medium,Bowler,,https://img1.hscicdn.com/image/upload/f_auto/lsci/db/PICTURES/CMS/315600/315602.jpg
Tilak Varma,Mumbai,Left hand Bat,Right arm Offbreak,Batting Allrounder,,https://img1.hscicdn.com/image/upload/f_auto/lsci/db/PICTURES/CMS/314700/314790.jpg
Tim David,Mumbai,Right hand Bat,Right arm Offbreak,Middle order Batter,"Mumbai Indians' decision to sign Tim David for INR 8.25 crore (AUD 1.5 million) at the 2022 IPL auction confirmed two things. Firstly, that the game's formats had diverged so much that a man without a state contract or even a first-class appearance to his name could be worth such a sum; and secondly, that David had become one of the world's most sought-after T20 finishers over the previous 12 months.",https://img1.hscicdn.com/image/upload/f_auto/lsci/db/PICTURES/CMS/313600/313639.1.jpg
Tim Southee,KKR,Right hand Bat,Right arm Medium fast,Bowler,"Tim Southee, a right-arm swing bowler, burst upon the international scene in great style. He was still only 19, with only one T20I cap behind him, and fresh from a Player-of-the-Tournament performance at the 2008 Under-19 World Cup when he was handed a Test debut against England in Napier. Southee responded with 5 for 55 before smashing 77 off 40 balls in the second innings with nine sixes.",https://img1.hscicdn.com/image/upload/f_auto/lsci/db/PICTURES/CMS/303600/303610.png
Trent Boult,Royals,Right hand Bat,Left arm Fast medium,Bowler,"Rated as one half of the best new-ball pair in New Zealand history by Sir Richard Hadlee, Trent Boult is a left-arm quick who presents a significant threat to batsmen around the world with an ability to move the ball both ways even in unresponsive conditions.",https://img1.hscicdn.com/image/upload/f_auto/lsci/db/PICTURES/CMS/303600/303673.jpg
Tristan Stubbs,Mumbai,Right hand Bat,Right arm Offbreak,Wicketkeeper Batter,,https://img1.hscicdn.com/image/upload/f_auto/lsci/db/PICTURES/CMS/345900/345940.4.jpg
Tushar Deshpande,Super Kings,Left hand Bat,Right arm Medium,Bowler,,https://img1.hscicdn.com/image/upload/f_auto/lsci/db/PICTURES/CMS/310600/310643.jpg
Umesh Yadav,KKR,Right hand Bat,Right arm Fast,Bowler,"Less than two seasons after fast bowler Umesh Yadav first played with a leather ball, he was bowling against the likes of Rahul Dravid and VVS Laxman in the Duleep Trophy. What makes his ascent even more remarkable is that he represents unglamorous Vidarbha in the Plate League of the Ranji Trophy. Yadav is the son of a coal-mine worker and was aiming to become a policeman. He only started considering a career in cricket as a 19-year-old, an age by which the best young Indian cricketers are in the running for a national cap. ",https://img1.hscicdn.com/image/upload/f_auto/lsci/db/PICTURES/CMS/302300/302396.jpg
Umran Malik,Sunrisers,Right hand Bat,Right arm Fast,Bowler,,https://img1.hscicdn.com/image/upload/f_auto/lsci/db/PICTURES/CMS/356800/356816.1.png
Vaibhav Arora,KKR,Right hand Bat,Right arm Fast medium,Bowler,,https://img1.hscicdn.com/image/upload/f_auto/lsci/db/PICTURES/CMS/357000/357019.1.png
Varun Chakravarthy,KKR,Right hand Bat,Legbreak Googly,Bowler,,https://img1.hscicdn.com/image/upload/f_auto/lsci/db/PICTURES/CMS/329300/329347.4.jpg
Venkatesh Iyer,KKR,Left hand Bat,Right arm Medium,Allrounder,,https://img1.hscicdn.com/image/upload/f_auto/lsci/db/PICTURES/CMS/328700/328712.1.jpg
Vijay Shankar,Titans,Right hand Bat,Right arm Medium,Allrounder,"A middle-order batsman who can grind attacks and bowl medium-pace, Vijay Shankar established himself as one of the key members of a Tamil Nadu side undergoing transition in 2014-15. Particularly strong off the pads, and with a fondness for driving on the up, Shankar made scores of 111, 82, 91, 103 in the Ranji Trophy knockouts to finish with 577 runs at 57.70 that season, after returning from a groin injury.",https://img1.hscicdn.com/image/upload/f_auto/lsci/db/PICTURES/CMS/289600/289614.1.jpg
Vijaykumar Vyshak,RCB,Right hand Bat,Right arm Medium,Bowler,,https://www.espncricinfo.com/static/images/espncricinfo-og.png
Virat Kohli,RCB,Right hand Bat,Right arm Medium,Top order Batter,"India has given to the world many a great cricketer but perhaps none as ambitious as Virat Kohli. To meet his ambition, Kohli employed the technical assiduousness of Sachin Tendulkar and fitness that was in the league of top athletes in the world, not just cricketers. As a result, Kohli became the most consistent all-format accumulator of his time, making jaw-dropping chases look easy, and finding, in his own words, the safest possible way to score runs. Plenty of them.",https://img1.hscicdn.com/image/upload/f_auto/lsci/db/PICTURES/CMS/289000/289002.1.jpg
Vishnu Vinod,Mumbai,Right hand Bat,,Wicketkeeper Batter,,https://img1.hscicdn.com/image/upload/f_auto/lsci/db/PICTURES/CMS/357600/357639.4.jpg
Vivrant Sharma,Sunrisers,Left hand Bat,Legbreak Googly,Allrounder,,https://www.espncricinfo.com/static/images/espncricinfo-og.png
Wanindu Hasaranga,RCB,Right hand Bat,Legbreak,Allrounder,"A bruising lower-middle order batsman, and an aggressive legbreak bowler, Wanidu Hasaranga graduated from a strong Richmond College outfit, had a fine run in Sri Lanka's 2015 and 2016 Under-19 teams, and has made a promising start to his domestic cricket career.",https://img1.hscicdn.com/image/upload/f_auto/lsci/db/PICTURES/CMS/294200/294296.jpg
Washington Sundar,Sunrisers,Left hand Bat,Right arm Offbreak,Bowling Allrounder,"Like R Ashwin from Tamil Nadu before him, Washington Sundar went from being a batsman as a youngster to making his name as an offspinner. After representing India at the 2016 Under-19 World Cup, he replaced Ashwin at Rising Pune Supergiant in the 2017 IPL, and bowled at an impressive economy rate to help his side to the final.",https://img1.hscicdn.com/image/upload/f_auto/lsci/db/PICTURES/CMS/302500/302584.jpg
Wayne Parnell,RCB,Left hand Bat,Left arm Medium fast,Bowler,"An aggressive left-handed seamer, who bowls with as much venom as he bats, Wayne Parnell was earmarked for success early and spent the next few years trying to get there. Inconsistency and injury were his nemeses, however, and that led to him abandoning international cricket with South Africa and signing a three-year deal with Worcestershire as a Kolpak after the 2018 English season.",https://img1.hscicdn.com/image/upload/f_auto/lsci/db/PICTURES/CMS/263700/263777.1.jpg
Wriddhiman Saha,Titans,Right hand Bat,,Wicketkeeper Batter,"Wriddhiman Prasanta Saha was drafted into the Bengal Ranji side after regular wicketkeeper Deep Dasgupta signed up with the Indian Cricket League. He grabbed the chance with both hands, becoming the 15th Bengal player to score a hundred on Ranji debut. Though he managed only one more fifty in the remaining first-class games of the season, he was signed up by the Kolkata Knight Riders for the inaugural season of the Indian Premier League. He managed 318 runs in five games in the 2009-10 Ranji season and was picked in the squad for the first Test for the home series against South Africa. A last-minute injury to Rohit Sharma handed Saha an unexpected debut in Nagpur - as a batsman.",https://img1.hscicdn.com/image/upload/f_auto/lsci/db/PICTURES/CMS/302300/302390.jpg
Yash Dayal,Titans,Right hand Bat,Left arm Medium fast,Bowler,,https://img1.hscicdn.com/image/upload/f_auto/lsci/db/PICTURES/CMS/357400/357416.2.jpg
Yash Dhull,Capitals,Right hand Bat,Right arm Offbreak,Top order Batter,,https://img1.hscicdn.com/image/upload/f_auto/lsci/db/PICTURES/CMS/336800/336898.4.jpg
Yash Thakur,Super Giants,Right hand Bat,Right arm Fast medium,Bowler,,https://img1.hscicdn.com/image/upload/f_auto/lsci/db/PICTURES/CMS/356700/356790.1.png
Yashasvi Jaiswal,Royals,Left hand Bat,Legbreak,Opening Batter,"From his Under-19 days, Yashasvi Jaiswal has come to embody fearlessness and a robust batting approach, to which he has also managed to add consistency, as his record in the IPL and in domestic cricket for Mumbai in the early 2020s shows. ",https://img1.hscicdn.com/image/upload/f_auto/lsci/db/PICTURES/CMS/356800/356803.1.png
Yudhvir Singh,Super Giants,Right hand Bat,Right arm Medium fast,Bowler,,https://img1.hscicdn.com/image/upload/f_auto/lsci/db/PICTURES/CMS/314700/314789.jpg
Yuzvendra Chahal,Royals,Right hand Bat,Legbreak Googly,Bowler,"Yuzvendra Chahal is an attacking legspinner who first attracted attention when he took 34 wickets in the National Under-19 Cooch Behar Trophy in 2009, ending the tournament as its leading wicket-taker. A former chess player who represented India at junior levels, Chahal made his first-class debut for Haryana the same year and was signed by Mumbai Indians in 2011 to be part of their IPL squad. ",https://img1.hscicdn.com/image/upload/f_auto/lsci/db/PICTURES/CMS/312100/312155.png