matchid,match,bowlingTeam,bowlerName,overs,whole overs,leftovers,balls,runs,wickets,economy,dotBalls,fours,sixes,wides,noBalls
T20 #1,Super Kings vs Titans,Titans,Mohammed Shami,4,4,0,24,29,2,7.25,13,2,2,0,1
T20 #1,Super Kings vs Titans,Titans,Hardik Pandya,3,3,0,18,28,0,9.33,6,2,2,0,0
T20 #1,Super Kings vs Titans,Titans,Josh Little,4,4,0,24,41,1,10.25,10,4,3,0,0
T20 #1,Super Kings vs Titans,Titans,Rashid Khan,4,4,0,24,26,2,6.5,10,2,1,0,0
T20 #1,Super Kings vs Titans,Titans,Alzarri Joseph,4,4,0,24,33,2,8.25,8,0,3,0,0
T20 #1,Super Kings vs Titans,Titans,Yash Dayal,1,1,0,6,14,0,14,2,0,2,0,0
T20 #1,Super Kings vs Titans,Super Kings,Deepak Chahar,4,4,0,24,29,0,7.25,9,1,2,0,0
T20 #1,Super Kings vs Titans,Super Kings,Tushar Deshpande,3.2,3,2,20,51,1,15.3,5,4,4,1,1
T20 #1,Super Kings vs Titans,Super Kings,Rajvardhan Hangargekar,4,4,0,24,36,3,9,10,4,1,3,1
T20 #1,Super Kings vs Titans,Super Kings,Mitchell Santner,4,4,0,24,32,0,8,7,5,0,0,0
T20 #1,Super Kings vs Titans,Super Kings,Ravindra Jadeja,4,4,0,24,28,1,7,9,1,1,0,0
T20 #2,Punjab Kings vs KKR,KKR,Umesh Yadav,4,4,0,24,27,1,6.75,11,2,1,0,0
T20 #2,Punjab Kings vs KKR,KKR,Tim Southee,4,4,0,24,54,2,13.5,7,6,3,0,0
T20 #2,Punjab Kings vs KKR,KKR,Sunil Narine,4,4,0,24,40,1,10,8,3,2,1,0
T20 #2,Punjab Kings vs KKR,KKR,Varun Chakravarthy,4,4,0,24,26,1,6.5,10,2,1,1,0
T20 #2,Punjab Kings vs KKR,KKR,Shardul Thakur,4,4,0,24,43,0,10.75,7,4,2,0,1
T20 #2,Punjab Kings vs KKR,Punjab Kings,Sam Curran,3,3,0,18,38,1,12.66,4,3,3,0,0
T20 #2,Punjab Kings vs KKR,Punjab Kings,Arshdeep Singh,3,3,0,18,19,3,6.33,10,2,1,0,0
T20 #2,Punjab Kings vs KKR,Punjab Kings,Nathan Ellis,3,3,0,18,27,1,9,8,2,1,0,2
T20 #2,Punjab Kings vs KKR,Punjab Kings,Sikandar Raza,3,3,0,18,25,1,8.33,5,3,0,1,0
T20 #2,Punjab Kings vs KKR,Punjab Kings,Rishi Dhawan,1,1,0,6,15,0,15,2,2,1,0,0
T20 #2,Punjab Kings vs KKR,Punjab Kings,Rahul Chahar,2,2,0,12,12,1,6,5,0,1,0,0
T20 #2,Punjab Kings vs KKR,Punjab Kings,Harpreet Brar,1,1,0,6,7,0,7,3,1,0,0,0
T20 #3,Super Giants vs Capitals,Capitals,Khaleel Ahmed,4,4,0,24,30,2,7.5,15,3,2,1,0
T20 #3,Super Giants vs Capitals,Capitals,Mukesh Kumar,4,4,0,24,34,0,8.5,5,0,2,1,0
T20 #3,Super Giants vs Capitals,Capitals,Chetan Sakariya,4,4,0,24,53,2,13.25,8,1,6,3,0
T20 #3,Super Giants vs Capitals,Capitals,Axar Patel,4,4,0,24,38,1,9.5,8,1,3,0,0
T20 #3,Super Giants vs Capitals,Capitals,Kuldeep Yadav,4,4,0,24,35,1,8.75,7,0,3,0,0
T20 #3,Super Giants vs Capitals,Super Giants,Kyle Mayers,1,1,0,6,7,0,7,3,1,0,1,0
T20 #3,Super Giants vs Capitals,Super Giants,Jaydev Unadkat,3,3,0,18,39,0,13,3,5,0,2,0
T20 #3,Super Giants vs Capitals,Super Giants,Krishnappa Gowtham,4,4,0,24,23,0,5.75,9,2,0,1,0
T20 #3,Super Giants vs Capitals,Super Giants,Avesh Khan,4,4,0,24,29,2,7.25,12,3,1,0,0
T20 #3,Super Giants vs Capitals,Super Giants,Mark Wood,4,4,0,24,14,5,3.5,17,1,0,1,1
T20 #3,Super Giants vs Capitals,Super Giants,Ravi Bishnoi,4,4,0,24,31,2,7.75,8,3,1,0,0
T20 #4,Royals vs Sunrisers,Sunrisers,Bhuvneshwar Kumar,3,3,0,18,36,0,12,6,4,2,1,0
T20 #4,Royals vs Sunrisers,Sunrisers,Fazalhaq Farooqi,4,4,0,24,41,2,10.25,11,7,0,0,0
T20 #4,Royals vs Sunrisers,Sunrisers,Washington Sundar,3,3,0,18,32,0,10.66,5,1,3,0,0
T20 #4,Royals vs Sunrisers,Sunrisers,T Natarajan,3,3,0,18,23,2,7.66,7,4,0,0,0
T20 #4,Royals vs Sunrisers,Sunrisers,Adil Rashid,4,4,0,24,33,0,8.25,6,1,2,0,0
T20 #4,Royals vs Sunrisers,Sunrisers,Umran Malik,3,3,0,18,32,1,10.66,4,4,1,1,0
T20 #4,Royals vs Sunrisers,Royals,Trent Boult,4,4,0,24,21,2,5.25,15,2,1,0,0
T20 #4,Royals vs Sunrisers,Royals,KM Asif,3,3,0,18,15,0,5,9,1,0,1,0
T20 #4,Royals vs Sunrisers,Royals,Jason Holder,3,3,0,18,16,1,5.33,10,1,1,0,0
T20 #4,Royals vs Sunrisers,Royals,Ravichandran Ashwin,4,4,0,24,27,1,6.75,10,1,1,2,0
T20 #4,Royals vs Sunrisers,Royals,Yuzvendra Chahal,4,4,0,24,17,4,4.25,11,0,0,0,0
T20 #4,Royals vs Sunrisers,Royals,Navdeep Saini,2,2,0,12,34,0,17,3,3,2,0,3
T20 #5,Mumbai vs RCB,RCB,Mohammed Siraj,4,4,0,24,21,1,5.25,16,2,0,6,0
T20 #5,Mumbai vs RCB,RCB,Reece Topley,2,2,0,12,14,1,7,7,3,0,0,0
T20 #5,Mumbai vs RCB,RCB,Akash Deep,3,3,0,18,29,1,9.66,7,2,2,0,0
T20 #5,Mumbai vs RCB,RCB,Harshal Patel,4,4,0,24,43,1,10.75,6,3,2,1,1
T20 #5,Mumbai vs RCB,RCB,Karn Sharma,4,4,0,24,32,2,8,7,1,2,1,0
T20 #5,Mumbai vs RCB,RCB,Michael Bracewell,2,2,0,12,16,1,8,6,3,0,0,0
T20 #5,Mumbai vs RCB,RCB,Glenn Maxwell,1,1,0,6,16,0,16,0,1,1,1,0
T20 #5,Mumbai vs RCB,Mumbai,Jason Behrendorff,3,3,0,18,37,0,12.33,6,3,3,0,0
T20 #5,Mumbai vs RCB,Mumbai,Arshad Khan,2.2,2,2,14,28,1,12,7,2,2,4,0
T20 #5,Mumbai vs RCB,Mumbai,Jofra Archer,4,4,0,24,33,0,8.25,10,2,2,0,0
T20 #5,Mumbai vs RCB,Mumbai,Piyush Chawla,4,4,0,24,26,0,6.5,11,2,1,0,0
T20 #5,Mumbai vs RCB,Mumbai,Cameron Green,2,2,0,12,30,1,15,4,2,3,0,0
T20 #5,Mumbai vs RCB,Mumbai,Hrithik Shokeen,1,1,0,6,17,0,17,0,0,2,0,0
T20 #6,Super Kings vs Super Giants,Super Giants,Kyle Mayers,2,2,0,12,16,0,8,1,1,0,1,0
T20 #6,Super Kings vs Super Giants,Super Giants,Avesh Khan,3,3,0,18,39,1,13,4,6,0,1,0
T20 #6,Super Kings vs Super Giants,Super Giants,Krunal Pandya,2,2,0,12,21,0,10.5,4,1,2,0,0
T20 #6,Super Kings vs Super Giants,Super Giants,Krishnappa Gowtham,1,1,0,6,20,0,20,2,0,3,0,0
T20 #6,Super Kings vs Super Giants,Super Giants,Mark Wood,4,4,0,24,49,3,12.25,9,3,5,0,0
T20 #6,Super Kings vs Super Giants,Super Giants,Yash Thakur,4,4,0,24,36,0,9,4,3,1,0,1
T20 #6,Super Kings vs Super Giants,Super Giants,Ravi Bishnoi,4,4,0,24,28,3,7,13,1,2,1,0
T20 #6,Super Kings vs Super Giants,Super Kings,Deepak Chahar,4,4,0,24,55,0,13.75,6,7,1,5,0
T20 #6,Super Kings vs Super Giants,Super Kings,Ben Stokes,1,1,0,6,18,0,18,0,2,1,0,0
T20 #6,Super Kings vs Super Giants,Super Kings,Tushar Deshpande,4,4,0,24,45,2,11.25,7,2,2,4,3
T20 #6,Super Kings vs Super Giants,Super Kings,Moeen Ali,4,4,0,24,26,4,6.5,10,0,1,1,0
T20 #6,Super Kings vs Super Giants,Super Kings,Mitchell Santner,4,4,0,24,21,1,5.25,9,0,1,0,0
T20 #6,Super Kings vs Super Giants,Super Kings,Rajvardhan Hangargekar,2,2,0,12,24,0,12,4,2,1,3,0
T20 #6,Super Kings vs Super Giants,Super Kings,Ravindra Jadeja,1,1,0,6,14,0,14,2,0,2,0,0
T20 #7,Capitals vs Titans,Titans,Mohammed Shami,4,4,0,24,41,3,10.25,15,5,1,4,0
T20 #7,Capitals vs Titans,Titans,Josh Little,4,4,0,24,27,0,6.75,11,2,1,0,0
T20 #7,Capitals vs Titans,Titans,Hardik Pandya,3,3,0,18,18,0,6,6,2,0,0,0
T20 #7,Capitals vs Titans,Titans,Alzarri Joseph,4,4,0,24,29,2,7.25,13,3,1,1,0
T20 #7,Capitals vs Titans,Titans,Yash Dayal,1,1,0,6,12,0,12,0,0,1,0,0
T20 #7,Capitals vs Titans,Titans,Rashid Khan,4,4,0,24,31,3,7.75,9,2,2,0,0
T20 #7,Capitals vs Titans,Capitals,Khaleel Ahmed,4,4,0,24,38,1,9.5,9,5,1,1,0
T20 #7,Capitals vs Titans,Capitals,Mukesh Kumar,4,4,0,24,42,0,10.5,8,5,2,1,0
T20 #7,Capitals vs Titans,Capitals,Anrich Nortje,4,4,0,24,39,2,9.75,9,3,2,0,2
T20 #7,Capitals vs Titans,Capitals,Mitchell Marsh,3.1,3,1,19,24,1,7.57,4,1,0,1,0
T20 #7,Capitals vs Titans,Capitals,Kuldeep Yadav,3,3,0,18,18,0,6,5,1,0,1,0
T20 #8,Punjab Kings vs Royals,Royals,Trent Boult,4,4,0,24,38,0,9.5,8,3,2,1,0
T20 #8,Punjab Kings vs Royals,Royals,KM Asif,4,4,0,24,54,0,13.5,7,5,3,3,1
T20 #8,Punjab Kings vs Royals,Royals,Ravichandran Ashwin,4,4,0,24,25,1,6.25,7,2,0,1,0
T20 #8,Punjab Kings vs Royals,Royals,Jason Holder,4,4,0,24,29,2,7.25,7,2,1,0,0
T20 #8,Punjab Kings vs Royals,Royals,Yuzvendra Chahal,4,4,0,24,50,1,12.5,5,7,1,1,0
T20 #8,Punjab Kings vs Royals,Punjab Kings,Sam Curran,4,4,0,24,44,0,11,7,3,3,0,0
T20 #8,Punjab Kings vs Royals,Punjab Kings,Arshdeep Singh,4,4,0,24,47,2,11.75,10,4,3,3,0
T20 #8,Punjab Kings vs Royals,Punjab Kings,Harpreet Brar,2,2,0,12,15,0,7.5,5,2,0,0,0
T20 #8,Punjab Kings vs Royals,Punjab Kings,Nathan Ellis,4,4,0,24,30,4,7.5,11,2,2,0,0
T20 #8,Punjab Kings vs Royals,Punjab Kings,Rahul Chahar,4,4,0,24,31,0,7.75,5,1,1,0,0
T20 #8,Punjab Kings vs Royals,Punjab Kings,Sikandar Raza,2,2,0,12,24,0,12,2,1,1,2,0
T20 #9,KKR vs RCB,RCB,Mohammed Siraj,4,4,0,24,44,1,11,13,6,1,3,1
T20 #9,KKR vs RCB,RCB,David Willey,4,4,0,24,16,2,4,15,2,0,1,0
T20 #9,KKR vs RCB,RCB,Akash Deep,2,2,0,12,30,0,15,4,2,2,1,2
T20 #9,KKR vs RCB,RCB,Michael Bracewell,3,3,0,18,34,1,11.33,3,1,3,0,0
T20 #9,KKR vs RCB,RCB,Shahbaz Ahmed,1,1,0,6,6,0,6,3,1,0,0,0
T20 #9,KKR vs RCB,RCB,Karn Sharma,3,3,0,18,26,2,8.66,6,2,1,0,0
T20 #9,KKR vs RCB,RCB,Harshal Patel,3,3,0,18,38,1,12.66,5,4,2,1,0
T20 #9,KKR vs RCB,KKR,Umesh Yadav,2,2,0,12,17,0,8.5,5,3,0,0,0
T20 #9,KKR vs RCB,KKR,Tim Southee,2,2,0,12,25,0,12.5,5,2,2,0,0
T20 #9,KKR vs RCB,KKR,Sunil Narine,4,4,0,24,16,2,4,12,1,0,0,0
T20 #9,KKR vs RCB,KKR,Varun Chakravarthy,3.4,3,4,22,15,4,4.09,13,2,0,0,0
T20 #9,KKR vs RCB,KKR,Suyash Sharma,4,4,0,24,30,3,7.5,11,2,2,1,0
T20 #9,KKR vs RCB,KKR,Shardul Thakur,2,2,0,12,15,1,7.5,4,2,0,0,0
T20 #10,Sunrisers vs Super Giants,Super Giants,Kyle Mayers,1,1,0,6,5,0,5,1,0,0,0,0
T20 #10,Sunrisers vs Super Giants,Super Giants,Jaydev Unadkat,3,3,0,18,26,0,8.66,9,0,3,1,0
T20 #10,Sunrisers vs Super Giants,Super Giants,Krunal Pandya,4,4,0,24,18,3,4.5,15,3,0,0,0
T20 #10,Sunrisers vs Super Giants,Super Giants,Yash Thakur,3,3,0,18,23,1,7.66,6,3,0,0,0
T20 #10,Sunrisers vs Super Giants,Super Giants,Ravi Bishnoi,4,4,0,24,16,1,4,10,0,0,1,0
T20 #10,Sunrisers vs Super Giants,Super Giants,Deepak Hooda,1,1,0,6,8,0,8,1,1,0,0,0
T20 #10,Sunrisers vs Super Giants,Super Giants,Amit Mishra,4,4,0,24,23,2,5.75,10,3,0,0,0
T20 #10,Sunrisers vs Super Giants,Sunrisers,Bhuvneshwar Kumar,2,2,0,12,19,1,9.5,7,1,1,1,0
T20 #10,Sunrisers vs Super Giants,Sunrisers,Washington Sundar,1,1,0,6,11,0,11,1,2,0,0,0
T20 #10,Sunrisers vs Super Giants,Sunrisers,Fazalhaq Farooqi,3,3,0,18,13,1,4.33,12,2,0,1,0
T20 #10,Sunrisers vs Super Giants,Sunrisers,Aiden Markram,2,2,0,12,14,0,7,5,2,0,0,0
T20 #10,Sunrisers vs Super Giants,Sunrisers,Adil Rashid,3,3,0,18,23,2,7.66,8,2,1,0,0
T20 #10,Sunrisers vs Super Giants,Sunrisers,T Natarajan,3,3,0,18,23,0,7.66,7,1,1,1,0
T20 #10,Sunrisers vs Super Giants,Sunrisers,Umran Malik,2,2,0,12,22,1,11,7,3,0,2,0
T20 #11,Royals vs Capitals,Capitals,Khaleel Ahmed,2,2,0,12,31,0,15.5,3,6,0,2,0
T20 #11,Royals vs Capitals,Capitals,Anrich Nortje,4,4,0,24,44,0,11,10,6,2,0,0
T20 #11,Royals vs Capitals,Capitals,Mukesh Kumar,4,4,0,24,36,2,9,8,3,2,0,0
T20 #11,Royals vs Capitals,Capitals,Axar Patel,4,4,0,24,38,0,9.5,6,5,1,0,0
T20 #11,Royals vs Capitals,Capitals,Kuldeep Yadav,4,4,0,24,31,1,7.75,8,2,1,0,0
T20 #11,Royals vs Capitals,Capitals,Rovman Powell,2,2,0,12,18,1,9,4,1,1,1,1
T20 #11,Royals vs Capitals,Royals,Trent Boult,4,4,0,24,29,3,7.25,11,5,0,0,0
T20 #11,Royals vs Capitals,Royals,Sandeep Sharma,4,4,0,24,20,1,5,11,2,0,1,0
T20 #11,Royals vs Capitals,Royals,Ravichandran Ashwin,4,4,0,24,25,2,6.25,10,2,0,3,0
T20 #11,Royals vs Capitals,Royals,Jason Holder,3,3,0,18,28,0,9.33,4,4,0,1,0
T20 #11,Royals vs Capitals,Royals,Yuzvendra Chahal,4,4,0,24,27,3,6.75,8,2,0,2,0
T20 #11,Royals vs Capitals,Royals,Murugan Ashwin,1,1,0,6,11,0,11,0,0,0,0,1
T20 #12,Mumbai vs Super Kings,Super Kings,Deepak Chahar,1,1,0,6,10,0,10,2,2,0,0,0
T20 #12,Mumbai vs Super Kings,Super Kings,Tushar Deshpande,3,3,0,18,31,2,10.33,9,2,3,1,0
T20 #12,Mumbai vs Super Kings,Super Kings,Sisanda Magala,4,4,0,24,37,1,9.25,4,5,0,0,0
T20 #12,Mumbai vs Super Kings,Super Kings,Mitchell Santner,4,4,0,24,28,2,7,6,3,0,0,0
T20 #12,Mumbai vs Super Kings,Super Kings,Ravindra Jadeja,4,4,0,24,20,3,5,9,0,1,0,0
T20 #12,Mumbai vs Super Kings,Super Kings,Dwaine Pretorius,4,4,0,24,28,0,7,9,3,0,4,0
T20 #12,Mumbai vs Super Kings,Mumbai,Jason Behrendorff,3,3,0,18,24,1,8,9,2,1,1,0
T20 #12,Mumbai vs Super Kings,Mumbai,Arshad Khan,2.1,2,1,13,35,0,16.15,2,5,1,3,0
T20 #12,Mumbai vs Super Kings,Mumbai,Cameron Green,3,3,0,18,20,0,6.66,6,0,1,1,0
T20 #12,Mumbai vs Super Kings,Mumbai,Piyush Chawla,4,4,0,24,33,1,8.25,8,5,0,0,0
T20 #12,Mumbai vs Super Kings,Mumbai,Kumar Kartikeya,4,4,0,24,24,1,6,6,0,1,0,0
T20 #12,Mumbai vs Super Kings,Mumbai,Hrithik Shokeen,2,2,0,12,19,0,9.5,4,2,1,0,0
T20 #13,Titans vs KKR,KKR,Umesh Yadav,3,3,0,18,24,0,8,7,4,0,1,0
T20 #13,Titans vs KKR,KKR,Shardul Thakur,3,3,0,18,40,0,13.33,4,3,3,1,0
T20 #13,Titans vs KKR,KKR,Lockie Ferguson,4,4,0,24,40,0,10,8,3,2,1,1
T20 #13,Titans vs KKR,KKR,Sunil Narine,4,4,0,24,33,3,8.25,8,3,1,1,0
T20 #13,Titans vs KKR,KKR,Varun Chakravarthy,2,2,0,12,27,0,13.5,1,2,1,1,0
T20 #13,Titans vs KKR,KKR,Suyash Sharma,4,4,0,24,35,1,8.75,6,3,0,1,0
T20 #13,Titans vs KKR,Titans,Mohammed Shami,4,4,0,24,28,1,7,10,2,1,0,0
T20 #13,Titans vs KKR,Titans,Josh Little,4,4,0,24,45,1,11.25,9,4,3,3,0
T20 #13,Titans vs KKR,Titans,Alzarri Joseph,4,4,0,24,27,2,6.75,14,2,2,0,0
T20 #13,Titans vs KKR,Titans,Yash Dayal,4,4,0,24,69,0,17.25,4,3,8,0,0
T20 #13,Titans vs KKR,Titans,Rashid Khan,4,4,0,24,37,3,9.25,6,4,1,0,0
T20 #14,Punjab Kings vs Sunrisers,Sunrisers,Bhuvneshwar Kumar,4,4,0,24,33,1,8.25,13,6,0,3,0
T20 #14,Punjab Kings vs Sunrisers,Sunrisers,Marco Jansen,3,3,0,18,16,2,5.33,14,2,1,1,0
T20 #14,Punjab Kings vs Sunrisers,Sunrisers,T Natarajan,4,4,0,24,40,0,10,10,3,3,0,0
T20 #14,Punjab Kings vs Sunrisers,Sunrisers,Washington Sundar,1,1,0,6,6,0,6,3,1,0,0,0
T20 #14,Punjab Kings vs Sunrisers,Sunrisers,Mayank Markande,4,4,0,24,15,4,3.75,15,2,0,0,0
T20 #14,Punjab Kings vs Sunrisers,Sunrisers,Umran Malik,4,4,0,24,32,2,8,14,3,2,1,0
T20 #14,Punjab Kings vs Sunrisers,Punjab Kings,Sam Curran,3,3,0,18,14,0,4.66,8,1,0,0,0
T20 #14,Punjab Kings vs Sunrisers,Punjab Kings,Arshdeep Singh,3,3,0,18,20,1,6.66,10,4,0,0,0
T20 #14,Punjab Kings vs Sunrisers,Punjab Kings,Harpreet Brar,3.1,3,1,19,26,0,8.21,8,5,0,0,0
T20 #14,Punjab Kings vs Sunrisers,Punjab Kings,Nathan Ellis,3,3,0,18,28,0,9.33,5,5,0,0,0
T20 #14,Punjab Kings vs Sunrisers,Punjab Kings,Rahul Chahar,3,3,0,18,28,1,9.33,8,4,1,0,0
T20 #14,Punjab Kings vs Sunrisers,Punjab Kings,Mohit Rathee,2,2,0,12,29,0,14.5,3,3,2,0,0
T20 #15,RCB vs Super Giants,Super Giants,Jaydev Unadkat,2,2,0,12,27,0,13.5,3,2,2,1,0
T20 #15,RCB vs Super Giants,Super Giants,Avesh Khan,4,4,0,24,53,0,13.25,8,5,4,0,0
T20 #15,RCB vs Super Giants,Super Giants,Krunal Pandya,4,4,0,24,35,0,8.75,5,2,2,0,0
T20 #15,RCB vs Super Giants,Super Giants,Mark Wood,4,4,0,24,32,1,8,12,1,3,2,0
T20 #15,RCB vs Super Giants,Super Giants,Ravi Bishnoi,4,4,0,24,39,0,9.75,5,1,3,1,0
T20 #15,RCB vs Super Giants,Super Giants,Amit Mishra,2,2,0,12,18,1,9,2,1,1,0,0
T20 #15,RCB vs Super Giants,RCB,Mohammed Siraj,4,4,0,24,22,3,5.5,16,3,0,4,0
T20 #15,RCB vs Super Giants,RCB,David Willey,4,4,0,24,32,0,8,6,2,1,1,0
T20 #15,RCB vs Super Giants,RCB,Wayne Parnell,4,4,0,24,41,3,10.25,6,5,1,3,0
T20 #15,RCB vs Super Giants,RCB,Harshal Patel,4,4,0,24,48,2,12,5,4,3,0,0
T20 #15,RCB vs Super Giants,RCB,Karn Sharma,3,3,0,18,48,1,16,5,3,5,1,0
T20 #15,RCB vs Super Giants,RCB,Shahbaz Ahmed,1,1,0,6,15,0,15,1,0,2,0,0
T20 #16,Capitals vs Mumbai,Mumbai,Jason Behrendorff,3,3,0,18,23,3,7.66,8,1,2,0,0
T20 #16,Capitals vs Mumbai,Mumbai,Arshad Khan,1,1,0,6,12,0,12,1,2,0,1,0
T20 #16,Capitals vs Mumbai,Mumbai,Cameron Green,3,3,0,18,30,0,10,4,5,0,1,0
T20 #16,Capitals vs Mumbai,Mumbai,Hrithik Shokeen,4,4,0,24,43,1,10.75,10,4,2,1,1
T20 #16,Capitals vs Mumbai,Mumbai,Riley Meredith,3.4,3,4,22,34,2,9.27,10,5,1,0,1
T20 #16,Capitals vs Mumbai,Mumbai,Piyush Chawla,4,4,0,24,22,3,5.5,9,2,0,0,0
T20 #16,Capitals vs Mumbai,Mumbai,Tilak Varma,1,1,0,6,7,0,7,3,1,0,1,0
T20 #16,Capitals vs Mumbai,Capitals,Mukesh Kumar,2,2,0,12,30,2,15,6,3,3,0,0
T20 #16,Capitals vs Mumbai,Capitals,Mustafizur Rahman,4,4,0,24,38,1,9.5,11,5,2,0,0
T20 #16,Capitals vs Mumbai,Capitals,Anrich Nortje,4,4,0,24,35,0,8.75,8,2,2,0,0
T20 #16,Capitals vs Mumbai,Capitals,Lalit Yadav,4,4,0,24,23,0,5.75,10,1,1,1,0
T20 #16,Capitals vs Mumbai,Capitals,Axar Patel,4,4,0,24,20,0,5,12,2,0,1,0
T20 #16,Capitals vs Mumbai,Capitals,Kuldeep Yadav,2,2,0,12,23,0,11.5,2,1,2,0,0
T20 #17,Royals vs Super Kings,Super Kings,Akash Singh,4,4,0,24,40,2,10,7,2,3,1,0
T20 #17,Royals vs Super Kings,Super Kings,Tushar Deshpande,4,4,0,24,37,2,9.25,7,4,1,1,0
T20 #17,Royals vs Super Kings,Super Kings,Maheesh Theekshana,4,4,0,24,42,0,10.5,4,5,1,0,0
T20 #17,Royals vs Super Kings,Super Kings,Ravindra Jadeja,4,4,0,24,21,2,5.25,11,0,0,3,0
T20 #17,Royals vs Super Kings,Super Kings,Moeen Ali,2,2,0,12,21,1,10.5,3,0,2,0,0
T20 #17,Royals vs Super Kings,Super Kings,Sisanda Magala,2,2,0,12,14,0,7,2,0,0,1,0
T20 #17,Royals vs Super Kings,Royals,Sandeep Sharma,3,3,0,18,30,1,10,6,1,2,2,0
T20 #17,Royals vs Super Kings,Royals,Kuldeep Sen,2,2,0,12,8,0,4,4,0,0,0,0
T20 #17,Royals vs Super Kings,Royals,Jason Holder,3,3,0,18,37,0,12.33,4,4,2,1,0
T20 #17,Royals vs Super Kings,Royals,Adam Zampa,4,4,0,24,43,1,10.75,5,4,1,1,0
T20 #17,Royals vs Super Kings,Royals,Ravichandran Ashwin,4,4,0,24,25,2,6.25,10,1,1,2,0
T20 #17,Royals vs Super Kings,Royals,Yuzvendra Chahal,4,4,0,24,27,2,6.75,8,2,0,1,0
T20 #18,Punjab Kings vs Titans,Titans,Mohammed Shami,4,4,0,24,44,1,11,9,7,1,1,0
T20 #18,Punjab Kings vs Titans,Titans,Josh Little,4,4,0,24,31,1,7.75,11,3,1,3,0
T20 #18,Punjab Kings vs Titans,Titans,Alzarri Joseph,4,4,0,24,32,1,8,11,1,2,5,0
T20 #18,Punjab Kings vs Titans,Titans,Rashid Khan,4,4,0,24,26,1,6.5,13,3,1,0,0
T20 #18,Punjab Kings vs Titans,Titans,Mohit Sharma,4,4,0,24,18,2,4.5,12,2,0,0,0
T20 #18,Punjab Kings vs Titans,Punjab Kings,Arshdeep Singh,4,4,0,24,33,1,8.25,8,5,0,0,0
T20 #18,Punjab Kings vs Titans,Punjab Kings,Kagiso Rabada,4,4,0,24,36,1,9,11,5,1,0,0
T20 #18,Punjab Kings vs Titans,Punjab Kings,Harpreet Brar,4,4,0,24,20,1,5,8,1,0,0,0
T20 #18,Punjab Kings vs Titans,Punjab Kings,Sam Curran,3.5,3,5,23,25,1,6.52,7,2,0,0,0
T20 #18,Punjab Kings vs Titans,Punjab Kings,Rahul Chahar,3,3,0,18,24,0,8,4,3,0,0,0
T20 #18,Punjab Kings vs Titans,Punjab Kings,Matthew Short,1,1,0,6,8,0,8,1,1,0,0,0
T20 #19,Sunrisers vs KKR,KKR,Umesh Yadav,3,3,0,18,42,0,14,3,3,3,1,0
T20 #19,Sunrisers vs KKR,KKR,Lockie Ferguson,2,2,0,12,37,0,18.5,4,5,1,1,1
T20 #19,Sunrisers vs KKR,KKR,Sunil Narine,4,4,0,24,28,0,7,7,1,1,2,0
T20 #19,Sunrisers vs KKR,KKR,Andre Russell,2.1,2,1,13,22,3,10.15,4,2,1,2,0
T20 #19,Sunrisers vs KKR,KKR,Varun Chakravarthy,4,4,0,24,41,1,10.25,4,3,2,1,0
T20 #19,Sunrisers vs KKR,KKR,Suyash Sharma,4,4,0,24,44,0,11,8,4,3,0,0
T20 #19,Sunrisers vs KKR,KKR,Shardul Thakur,0.5,0,5,5,14,0,16.8,0,3,0,0,0
T20 #19,Sunrisers vs KKR,Sunrisers,Bhuvneshwar Kumar,4,4,0,24,29,1,7.25,10,4,0,1,0
T20 #19,Sunrisers vs KKR,Sunrisers,Marco Jansen,4,4,0,24,37,2,9.25,12,1,3,4,2
T20 #19,Sunrisers vs KKR,Sunrisers,T Natarajan,4,4,0,24,54,1,13.5,6,6,3,1,0
T20 #19,Sunrisers vs KKR,Sunrisers,Umran Malik,2,2,0,12,36,1,18,3,4,3,0,0
T20 #19,Sunrisers vs KKR,Sunrisers,Mayank Markande,4,4,0,24,27,2,6.75,10,2,1,0,0
T20 #19,Sunrisers vs KKR,Sunrisers,Washington Sundar,2,2,0,12,20,0,10,2,1,1,0,0
T20 #20,RCB vs Capitals,Capitals,Anrich Nortje,4,4,0,24,31,0,7.75,9,3,0,2,1
T20 #20,RCB vs Capitals,Capitals,Axar Patel,3,3,0,18,25,1,8.33,9,0,3,0,0
T20 #20,RCB vs Capitals,Capitals,Mustafizur Rahman,3,3,0,18,41,0,13.66,2,5,2,0,0
T20 #20,RCB vs Capitals,Capitals,Mitchell Marsh,2,2,0,12,18,2,9,5,2,1,0,0
T20 #20,RCB vs Capitals,Capitals,Lalit Yadav,4,4,0,24,29,1,7.25,7,0,2,1,0
T20 #20,RCB vs Capitals,Capitals,Kuldeep Yadav,4,4,0,24,23,2,5.75,10,3,0,0,0
T20 #20,RCB vs Capitals,RCB,Mohammed Siraj,4,4,0,24,23,2,5.75,14,4,0,0,0
T20 #20,RCB vs Capitals,RCB,Wayne Parnell,4,4,0,24,28,1,7,10,3,1,0,0
T20 #20,RCB vs Capitals,RCB,Vijaykumar Vyshak,4,4,0,24,20,3,5,11,2,0,0,0
T20 #20,RCB vs Capitals,RCB,Shahbaz Ahmed,1,1,0,6,11,0,11,0,1,0,0,0
T20 #20,RCB vs Capitals,RCB,Wanindu Hasaranga,3,3,0,18,37,1,12.33,4,5,1,0,0
T20 #20,RCB vs Capitals,RCB,Harshal Patel,4,4,0,24,32,1,8,7,3,0,3,0
T20 #21,Super Giants vs Punjab Kings,Punjab Kings,Matthew Short,2,2,0,12,10,0,5,7,0,1,0,0
T20 #21,Super Giants vs Punjab Kings,Punjab Kings,Arshdeep Singh,3,3,0,18,22,1,7.33,7,3,0,1,0
T20 #21,Super Giants vs Punjab Kings,Punjab Kings,Kagiso Rabada,4,4,0,24,34,2,8.5,11,2,2,2,0
T20 #21,Super Giants vs Punjab Kings,Punjab Kings,Sam Curran,4,4,0,24,31,3,7.75,9,2,1,2,0
T20 #21,Super Giants vs Punjab Kings,Punjab Kings,Harpreet Brar,2,2,0,12,10,1,5,6,1,0,0,0
T20 #21,Super Giants vs Punjab Kings,Punjab Kings,Sikandar Raza,2,2,0,12,19,1,9.5,2,2,0,0,1
T20 #21,Super Giants vs Punjab Kings,Punjab Kings,Rahul Chahar,3,3,0,18,28,0,9.33,5,1,2,1,0
T20 #21,Super Giants vs Punjab Kings,Super Giants,Yudhvir Singh,3,3,0,18,19,2,6.33,11,4,0,0,0
T20 #21,Super Giants vs Punjab Kings,Super Giants,Avesh Khan,3,3,0,18,24,0,8,8,4,0,1,0
T20 #21,Super Giants vs Punjab Kings,Super Giants,Mark Wood,4,4,0,24,35,2,8.75,10,2,2,2,0
T20 #21,Super Giants vs Punjab Kings,Super Giants,Krishnappa Gowtham,4,4,0,24,31,1,7.75,10,1,2,1,0
T20 #21,Super Giants vs Punjab Kings,Super Giants,Krunal Pandya,3,3,0,18,32,1,10.66,6,3,2,0,0
T20 #21,Super Giants vs Punjab Kings,Super Giants,Ravi Bishnoi,2.3,2,3,15,18,2,7.2,7,2,0,1,0
T20 #22,KKR vs Mumbai,Mumbai,Arjun Tendulkar,2,2,0,12,17,0,8.5,6,1,1,1,0
T20 #22,KKR vs Mumbai,Mumbai,Cameron Green,2,2,0,12,20,1,10,6,1,1,2,0
T20 #22,KKR vs Mumbai,Mumbai,Duan Jansen,4,4,0,24,53,1,13.25,6,3,4,4,0
T20 #22,KKR vs Mumbai,Mumbai,Piyush Chawla,4,4,0,24,19,1,4.75,10,1,0,0,0
T20 #22,KKR vs Mumbai,Mumbai,Hrithik Shokeen,4,4,0,24,34,2,8.5,7,3,1,1,0
T20 #22,KKR vs Mumbai,Mumbai,Riley Meredith,4,4,0,24,40,1,10,9,3,3,0,0
T20 #22,KKR vs Mumbai,KKR,Umesh Yadav,2,2,0,12,19,0,9.5,6,1,2,0,0
T20 #22,KKR vs Mumbai,KKR,Shardul Thakur,2,2,0,12,25,1,12.5,2,3,1,1,0
T20 #22,KKR vs Mumbai,KKR,Sunil Narine,3,3,0,18,41,0,13.66,4,3,3,1,0
T20 #22,KKR vs Mumbai,KKR,Suyash Sharma,4,4,0,24,27,2,6.75,11,3,1,0,0
T20 #22,KKR vs Mumbai,KKR,Varun Chakravarthy,4,4,0,24,38,1,9.5,10,2,3,1,0
T20 #22,KKR vs Mumbai,KKR,Lockie Ferguson,1.4,1,4,10,19,1,11.4,4,1,2,0,0
T20 #22,KKR vs Mumbai,KKR,Andre Russell,1,1,0,6,17,0,17,1,2,1,0,0
T20 #23,Titans vs Royals,Royals,Trent Boult,4,4,0,24,46,1,11.5,6,4,2,2,0
T20 #23,Titans vs Royals,Royals,Sandeep Sharma,4,4,0,24,25,2,6.25,10,3,0,1,0
T20 #23,Titans vs Royals,Royals,Adam Zampa,4,4,0,24,32,1,8,9,2,2,0,0
T20 #23,Titans vs Royals,Royals,Ravichandran Ashwin,4,4,0,24,37,0,9.25,5,4,1,0,0
T20 #23,Titans vs Royals,Royals,Yuzvendra Chahal,4,4,0,24,36,1,9,3,0,2,1,0
T20 #23,Titans vs Royals,Titans,Mohammed Shami,4,4,0,24,25,3,6.25,18,1,3,1,0
T20 #23,Titans vs Royals,Titans,Hardik Pandya,4,4,0,24,24,1,6,14,3,1,0,0
T20 #23,Titans vs Royals,Titans,Alzarri Joseph,3,3,0,18,47,0,15.66,2,3,4,0,0
T20 #23,Titans vs Royals,Titans,Rashid Khan,4,4,0,24,46,2,11.5,7,1,5,0,0
T20 #23,Titans vs Royals,Titans,Mohit Sharma,2,2,0,12,7,0,3.5,5,0,0,0,0
T20 #23,Titans vs Royals,Titans,Noor Ahmad,2.2,2,2,14,29,1,12.42,3,2,2,1,0
T20 #24,Super Kings vs RCB,RCB,Mohammed Siraj,4,4,0,24,30,1,7.5,10,1,2,1,0
T20 #24,Super Kings vs RCB,RCB,Wayne Parnell,4,4,0,24,48,1,12,7,3,4,0,0
T20 #24,Super Kings vs RCB,RCB,Vijaykumar Vyshak,4,4,0,24,62,1,15.5,3,5,5,0,0
T20 #24,Super Kings vs RCB,RCB,Glenn Maxwell,2.4,2,4,16,28,1,10.5,4,0,3,1,0
T20 #24,Super Kings vs RCB,RCB,Wanindu Hasaranga,2,2,0,12,21,1,10.5,1,1,1,0,0
T20 #24,Super Kings vs RCB,RCB,Harshal Patel,3.2,3,2,20,36,1,10.8,8,2,2,2,2
T20 #24,Super Kings vs RCB,Super Kings,Akash Singh,3,3,0,18,35,1,11.66,9,3,3,0,0
T20 #24,Super Kings vs RCB,Super Kings,Tushar Deshpande,4,4,0,24,45,3,11.25,9,5,2,3,0
T20 #24,Super Kings vs RCB,Super Kings,Maheesh Theekshana,4,4,0,24,41,1,10.25,4,1,3,1,0
T20 #24,Super Kings vs RCB,Super Kings,Ravindra Jadeja,4,4,0,24,37,0,9.25,3,0,3,0,0
T20 #24,Super Kings vs RCB,Super Kings,Matheesha Pathirana,4,4,0,24,42,2,10.5,9,3,3,2,0
T20 #24,Super Kings vs RCB,Super Kings,Moeen Ali,1,1,0,6,13,1,13,3,0,2,0,0
T20 #25,Mumbai vs Sunrisers,Sunrisers,Bhuvneshwar Kumar,4,4,0,24,31,1,7.75,8,1,2,0,0
T20 #25,Mumbai vs Sunrisers,Sunrisers,Marco Jansen,4,4,0,24,43,2,10.75,11,3,4,1,0
T20 #25,Mumbai vs Sunrisers,Sunrisers,Washington Sundar,4,4,0,24,33,0,8.25,10,4,1,0,0
T20 #25,Mumbai vs Sunrisers,Sunrisers,T Natarajan,4,4,0,24,50,1,12.5,3,7,1,0,0
T20 #25,Mumbai vs Sunrisers,Sunrisers,Mayank Markande,4,4,0,24,35,0,8.75,9,4,1,1,0
T20 #25,Mumbai vs Sunrisers,Mumbai,Arjun Tendulkar,2.5,2,5,17,18,1,6.35,9,2,0,3,0
T20 #25,Mumbai vs Sunrisers,Mumbai,Jason Behrendorff,4,4,0,24,37,2,9.25,7,5,0,1,0
T20 #25,Mumbai vs Sunrisers,Mumbai,Riley Meredith,4,4,0,24,33,2,8.25,10,3,1,3,0
T20 #25,Mumbai vs Sunrisers,Mumbai,Hrithik Shokeen,1,1,0,6,12,0,12,1,0,1,0,0
T20 #25,Mumbai vs Sunrisers,Mumbai,Piyush Chawla,4,4,0,24,43,2,10.75,5,4,2,0,0
T20 #25,Mumbai vs Sunrisers,Mumbai,Cameron Green,4,4,0,24,29,1,7.25,9,4,0,1,0
T20 #26,Super Giants vs Royals,Royals,Trent Boult,4,4,0,24,16,1,4,18,1,1,0,0
T20 #26,Super Giants vs Royals,Royals,Sandeep Sharma,4,4,0,24,32,1,8,8,4,0,0,1
T20 #26,Super Giants vs Royals,Royals,Ravichandran Ashwin,4,4,0,24,23,2,5.75,9,2,0,1,0
T20 #26,Super Giants vs Royals,Royals,Yuzvendra Chahal,4,4,0,24,41,0,10.25,5,3,2,0,0
T20 #26,Super Giants vs Royals,Royals,Jason Holder,4,4,0,24,38,1,9.5,7,3,2,0,0
T20 #26,Super Giants vs Royals,Super Giants,Naveen-ul-Haq,4,4,0,24,19,0,4.75,11,0,1,1,0
T20 #26,Super Giants vs Royals,Super Giants,Yudhvir Singh,2,2,0,12,27,0,13.5,6,2,2,1,0
T20 #26,Super Giants vs Royals,Super Giants,Avesh Khan,4,4,0,24,25,3,6.25,12,4,0,0,0
T20 #26,Super Giants vs Royals,Super Giants,Marcus Stoinis,4,4,0,24,28,2,7,11,3,1,0,0
T20 #26,Super Giants vs Royals,Super Giants,Ravi Bishnoi,4,4,0,24,25,0,6.25,8,2,0,0,1
T20 #26,Super Giants vs Royals,Super Giants,Amit Mishra,2,2,0,12,15,0,7.5,3,2,0,0,0
T20 #27,RCB vs Punjab Kings,Punjab Kings,Arshdeep Singh,4,4,0,24,34,1,8.5,8,5,0,1,0
T20 #27,RCB vs Punjab Kings,Punjab Kings,Harpreet Brar,3,3,0,18,31,2,10.33,7,1,3,0,0
T20 #27,RCB vs Punjab Kings,Punjab Kings,Nathan Ellis,4,4,0,24,41,1,10.25,8,2,3,1,0
T20 #27,RCB vs Punjab Kings,Punjab Kings,Sam Curran,4,4,0,24,27,0,6.75,6,1,0,0,1
T20 #27,RCB vs Punjab Kings,Punjab Kings,Rahul Chahar,4,4,0,24,24,0,6,7,2,0,0,0
T20 #27,RCB vs Punjab Kings,Punjab Kings,Liam Livingstone,1,1,0,6,9,0,9,0,1,0,0,0
T20 #27,RCB vs Punjab Kings,RCB,Mohammed Siraj,4,4,0,24,21,4,5.25,13,3,0,0,0
T20 #27,RCB vs Punjab Kings,RCB,Wayne Parnell,3,3,0,18,32,1,10.66,9,1,4,0,0
T20 #27,RCB vs Punjab Kings,RCB,Wanindu Hasaranga,4,4,0,24,39,2,9.75,7,2,3,0,0
T20 #27,RCB vs Punjab Kings,RCB,Vijaykumar Vyshak,3,3,0,18,29,0,9.66,6,2,2,1,0
T20 #27,RCB vs Punjab Kings,RCB,Glenn Maxwell,1,1,0,6,5,0,5,1,0,0,0,0
T20 #27,RCB vs Punjab Kings,RCB,Harshal Patel,3.2,3,2,20,22,1,6.6,10,1,1,1,1
T20 #28,KKR vs Capitals,Capitals,Ishant Sharma,4,4,0,24,19,2,4.75,13,2,0,1,0
T20 #28,KKR vs Capitals,Capitals,Mukesh Kumar,4,4,0,24,34,1,8.5,15,2,3,4,0
T20 #28,KKR vs Capitals,Capitals,Anrich Nortje,4,4,0,24,20,2,5,16,3,0,2,0
T20 #28,KKR vs Capitals,Capitals,Axar Patel,3,3,0,18,13,2,4.33,12,2,0,0,0
T20 #28,KKR vs Capitals,Capitals,Mitchell Marsh,2,2,0,12,25,0,12.5,2,1,2,2,0
T20 #28,KKR vs Capitals,Capitals,Kuldeep Yadav,3,3,0,18,15,2,5,9,0,1,1,0
T20 #28,KKR vs Capitals,KKR,Umesh Yadav,1,1,0,6,6,0,6,3,1,0,0,0
T20 #28,KKR vs Capitals,KKR,Kulwant Khejroliya,1.2,1,2,8,20,0,15,2,3,0,0,1
T20 #28,KKR vs Capitals,KKR,Andre Russell,1,1,0,6,12,0,12,3,2,0,0,1
T20 #28,KKR vs Capitals,KKR,Sunil Narine,4,4,0,24,36,0,9,7,6,0,1,0
T20 #28,KKR vs Capitals,KKR,Varun Chakravarthy,4,4,0,24,16,2,4,14,2,0,0,0
T20 #28,KKR vs Capitals,KKR,Anukul Roy,4,4,0,24,19,2,4.75,13,2,0,2,0
T20 #28,KKR vs Capitals,KKR,Nitish Rana,4,4,0,24,17,2,4.25,10,1,0,0,0
T20 #29,Sunrisers vs Super Kings,Super Kings,Akash Singh,3,3,0,18,17,1,5.66,10,1,1,0,0
T20 #29,Sunrisers vs Super Kings,Super Kings,Tushar Deshpande,3,3,0,18,26,0,8.66,7,4,0,1,0
T20 #29,Sunrisers vs Super Kings,Super Kings,Maheesh Theekshana,4,4,0,24,27,1,6.75,5,2,0,0,0
T20 #29,Sunrisers vs Super Kings,Super Kings,Moeen Ali,2,2,0,12,18,0,9,2,1,1,0,0
T20 #29,Sunrisers vs Super Kings,Super Kings,Ravindra Jadeja,4,4,0,24,22,3,5.5,8,1,0,0,0
T20 #29,Sunrisers vs Super Kings,Super Kings,Matheesha Pathirana,4,4,0,24,22,1,5.5,9,2,0,1,0
T20 #29,Sunrisers vs Super Kings,Sunrisers,Bhuvneshwar Kumar,2,2,0,12,10,0,5,7,1,0,0,0
T20 #29,Sunrisers vs Super Kings,Sunrisers,Marco Jansen,3,3,0,18,37,0,12.33,5,6,1,0,0
T20 #29,Sunrisers vs Super Kings,Sunrisers,Aiden Markram,1,1,0,6,11,0,11,2,2,0,0,0
T20 #29,Sunrisers vs Super Kings,Sunrisers,Washington Sundar,2.4,2,4,16,16,0,6,4,1,0,0,0
T20 #29,Sunrisers vs Super Kings,Sunrisers,Mayank Markande,4,4,0,24,23,2,5.75,8,2,0,0,0
T20 #29,Sunrisers vs Super Kings,Sunrisers,Umran Malik,3,3,0,18,18,0,6,8,2,0,0,0
T20 #29,Sunrisers vs Super Kings,Sunrisers,Mayank Dagar,3,3,0,18,21,0,7,5,2,0,0,0
T20 #30,Titans vs Super Giants,Super Giants,Naveen-ul-Haq,4,4,0,24,19,1,4.75,12,1,0,0,0
T20 #30,Titans vs Super Giants,Super Giants,Krunal Pandya,4,4,0,24,16,2,4,13,1,0,0,0
T20 #30,Titans vs Super Giants,Super Giants,Avesh Khan,3,3,0,18,21,0,7,6,2,0,0,0
T20 #30,Titans vs Super Giants,Super Giants,Ravi Bishnoi,4,4,0,24,49,0,12.25,4,4,3,0,0
T20 #30,Titans vs Super Giants,Super Giants,Marcus Stoinis,3,3,0,18,20,2,6.66,7,1,1,0,0
T20 #30,Titans vs Super Giants,Super Giants,Amit Mishra,2,2,0,12,9,1,4.5,4,0,0,0,0
T20 #30,Titans vs Super Giants,Titans,Mohammed Shami,3,3,0,18,18,0,6,9,3,0,0,0
T20 #30,Titans vs Super Giants,Titans,Jayant Yadav,4,4,0,24,26,0,6.5,8,2,0,0,0
T20 #30,Titans vs Super Giants,Titans,Rashid Khan,4,4,0,24,33,1,8.25,9,4,1,0,0
T20 #30,Titans vs Super Giants,Titans,Mohit Sharma,3,3,0,18,17,2,5.66,5,1,0,0,0
T20 #30,Titans vs Super Giants,Titans,Noor Ahmad,4,4,0,24,18,2,4.5,13,1,0,0,0
T20 #30,Titans vs Super Giants,Titans,Hardik Pandya,1,1,0,6,7,0,7,2,1,0,0,0
T20 #30,Titans vs Super Giants,Titans,Rahul Tewatia,1,1,0,6,8,0,8,4,0,1,1,0
T20 #31,Punjab Kings vs Mumbai,Mumbai,Arjun Tendulkar,3,3,0,18,48,1,16,4,6,2,4,1
T20 #31,Punjab Kings vs Mumbai,Mumbai,Jason Behrendorff,3,3,0,18,41,1,13.66,6,2,4,1,0
T20 #31,Punjab Kings vs Mumbai,Mumbai,Cameron Green,4,4,0,24,41,2,10.25,9,2,4,0,0
T20 #31,Punjab Kings vs Mumbai,Mumbai,Jofra Archer,4,4,0,24,42,1,10.5,8,3,3,1,0
T20 #31,Punjab Kings vs Mumbai,Mumbai,Piyush Chawla,3,3,0,18,15,2,5,12,2,0,1,0
T20 #31,Punjab Kings vs Mumbai,Mumbai,Hrithik Shokeen,3,3,0,18,24,0,8,7,1,1,0,1
T20 #31,Punjab Kings vs Mumbai,Punjab Kings,Matthew Short,1,1,0,6,7,0,7,3,1,0,1,0
T20 #31,Punjab Kings vs Mumbai,Punjab Kings,Arshdeep Singh,4,4,0,24,29,4,7.25,12,2,2,1,0
T20 #31,Punjab Kings vs Mumbai,Punjab Kings,Harpreet Brar,2,2,0,12,15,0,7.5,5,1,1,0,0
T20 #31,Punjab Kings vs Mumbai,Punjab Kings,Sam Curran,3,3,0,18,41,0,13.66,2,3,3,1,0
T20 #31,Punjab Kings vs Mumbai,Punjab Kings,Nathan Ellis,4,4,0,24,44,1,11,5,2,3,0,0
T20 #31,Punjab Kings vs Mumbai,Punjab Kings,Rahul Chahar,4,4,0,24,42,0,10.5,4,4,2,0,0
T20 #31,Punjab Kings vs Mumbai,Punjab Kings,Liam Livingstone,2,2,0,12,23,1,11.5,2,4,0,0,0
T20 #32,RCB vs Royals,Royals,Trent Boult,4,4,0,24,41,2,10.25,8,6,0,1,0
T20 #32,RCB vs Royals,Royals,Sandeep Sharma,4,4,0,24,49,2,12.25,9,7,2,1,0
T20 #32,RCB vs Royals,Royals,Ravichandran Ashwin,4,4,0,24,36,1,9,7,2,2,1,0
T20 #32,RCB vs Royals,Royals,Yuzvendra Chahal,4,4,0,24,28,1,7,7,0,1,2,0
T20 #32,RCB vs Royals,Royals,Jason Holder,4,4,0,24,32,0,8,6,3,1,0,0
T20 #32,RCB vs Royals,RCB,Mohammed Siraj,4,4,0,24,39,1,9.75,8,4,1,3,0
T20 #32,RCB vs Royals,RCB,David Willey,4,4,0,24,26,1,6.5,11,2,1,1,0
T20 #32,RCB vs Royals,RCB,Vijaykumar Vyshak,2,2,0,12,24,0,12,4,5,0,1,0
T20 #32,RCB vs Royals,RCB,Glenn Maxwell,2,2,0,12,25,0,12.5,3,2,2,0,0
T20 #32,RCB vs Royals,RCB,Harshal Patel,4,4,0,24,32,3,8,8,3,1,1,0
T20 #32,RCB vs Royals,RCB,Wanindu Hasaranga,4,4,0,24,32,0,8,5,2,1,0,0
T20 #33,Super Kings vs KKR,KKR,Umesh Yadav,3,3,0,18,35,0,11.66,7,3,3,0,0
T20 #33,Super Kings vs KKR,KKR,David Wiese,3,3,0,18,38,0,12.66,3,3,2,0,0
T20 #33,Super Kings vs KKR,KKR,Varun Chakravarthy,4,4,0,24,49,1,12.25,8,2,5,0,0
T20 #33,Super Kings vs KKR,KKR,Kulwant Khejroliya,3,3,0,18,44,2,14.66,5,2,4,0,1
T20 #33,Super Kings vs KKR,KKR,Sunil Narine,2,2,0,12,23,0,11.5,3,1,2,0,0
T20 #33,Super Kings vs KKR,KKR,Suyash Sharma,4,4,0,24,29,1,7.25,8,2,1,0,0
T20 #33,Super Kings vs KKR,KKR,Andre Russell,1,1,0,6,17,0,17,0,1,1,2,0
T20 #33,Super Kings vs KKR,Super Kings,Akash Singh,4,4,0,24,29,1,7.25,13,4,1,1,0
T20 #33,Super Kings vs KKR,Super Kings,Tushar Deshpande,4,4,0,24,43,2,10.75,12,3,3,4,0
T20 #33,Super Kings vs KKR,Super Kings,Maheesh Theekshana,4,4,0,24,32,2,8,8,3,1,1,0
T20 #33,Super Kings vs KKR,Super Kings,Moeen Ali,1,1,0,6,20,1,20,1,0,3,0,0
T20 #33,Super Kings vs KKR,Super Kings,Ravindra Jadeja,3,3,0,18,34,1,11.33,5,2,3,0,0
T20 #33,Super Kings vs KKR,Super Kings,Matheesha Pathirana,4,4,0,24,27,1,6.75,11,2,1,3,0
T20 #34,Capitals vs Sunrisers,Sunrisers,Bhuvneshwar Kumar,4,4,0,24,11,2,2.75,16,1,0,0,0
T20 #34,Capitals vs Sunrisers,Sunrisers,Marco Jansen,2,2,0,12,27,0,13.5,4,4,1,0,0
T20 #34,Capitals vs Sunrisers,Sunrisers,Washington Sundar,4,4,0,24,28,3,7,10,2,1,0,0
T20 #34,Capitals vs Sunrisers,Sunrisers,T Natarajan,3,3,0,18,21,1,7,3,2,0,0,0
T20 #34,Capitals vs Sunrisers,Sunrisers,Mayank Markande,4,4,0,24,34,0,8.5,7,4,0,1,0
T20 #34,Capitals vs Sunrisers,Sunrisers,Umran Malik,2,2,0,12,14,0,7,4,2,0,0,0
T20 #34,Capitals vs Sunrisers,Sunrisers,Aiden Markram,1,1,0,6,7,0,7,0,0,0,0,0
T20 #34,Capitals vs Sunrisers,Capitals,Ishant Sharma,3,3,0,18,18,1,6,8,2,0,0,0
T20 #34,Capitals vs Sunrisers,Capitals,Anrich Nortje,4,4,0,24,33,2,8.25,10,4,1,0,0
T20 #34,Capitals vs Sunrisers,Capitals,Mukesh Kumar,3,3,0,18,27,0,9,4,4,0,0,0
T20 #34,Capitals vs Sunrisers,Capitals,Axar Patel,4,4,0,24,21,2,5.25,8,1,0,0,0
T20 #34,Capitals vs Sunrisers,Capitals,Kuldeep Yadav,4,4,0,24,22,1,5.5,6,1,0,0,0
T20 #34,Capitals vs Sunrisers,Capitals,Mitchell Marsh,2,2,0,12,16,0,8,3,1,0,0,1
T20 #35,Titans vs Mumbai,Mumbai,Arjun Tendulkar,2,2,0,12,9,1,4.5,7,0,0,0,0
T20 #35,Titans vs Mumbai,Mumbai,Jason Behrendorff,4,4,0,24,37,1,9.25,8,2,2,2,0
T20 #35,Titans vs Mumbai,Mumbai,Riley Meredith,4,4,0,24,49,1,12.25,6,4,3,2,0
T20 #35,Titans vs Mumbai,Mumbai,Cameron Green,2,2,0,12,39,0,19.5,0,2,4,0,0
T20 #35,Titans vs Mumbai,Mumbai,Piyush Chawla,4,4,0,24,34,2,8.5,7,3,1,1,0
T20 #35,Titans vs Mumbai,Mumbai,Kumar Kartikeya,4,4,0,24,39,1,9.75,7,3,2,0,0
T20 #35,Titans vs Mumbai,Titans,Mohammed Shami,4,4,0,24,18,0,4.5,14,2,0,1,0
T20 #35,Titans vs Mumbai,Titans,Hardik Pandya,2,2,0,12,10,1,5,8,0,1,0,0
T20 #35,Titans vs Mumbai,Titans,Rashid Khan,4,4,0,24,27,2,6.75,10,2,1,0,0
T20 #35,Titans vs Mumbai,Titans,Noor Ahmad,4,4,0,24,37,3,9.25,10,2,3,0,0
T20 #35,Titans vs Mumbai,Titans,Mohit Sharma,4,4,0,24,38,2,9.5,7,1,3,0,0
T20 #35,Titans vs Mumbai,Titans,Josh Little,2,2,0,12,18,0,9,2,1,1,0,0
T20 #36,KKR vs RCB,RCB,Mohammed Siraj,4,4,0,24,33,1,8.25,11,5,1,0,0
T20 #36,KKR vs RCB,RCB,David Willey,3,3,0,18,31,0,10.33,5,4,1,1,0
T20 #36,KKR vs RCB,RCB,Wanindu Hasaranga,4,4,0,24,24,2,6,10,3,0,0,0
T20 #36,KKR vs RCB,RCB,Shahbaz Ahmed,1,1,0,6,25,0,25,1,0,4,0,0
T20 #36,KKR vs RCB,RCB,Vijaykumar Vyshak,4,4,0,24,41,2,10.25,3,2,2,3,0
T20 #36,KKR vs RCB,RCB,Harshal Patel,4,4,0,24,44,0,11,7,2,4,1,0
T20 #36,KKR vs RCB,KKR,Vaibhav Arora,2,2,0,12,22,0,11,3,3,0,1,0
T20 #36,KKR vs RCB,KKR,Umesh Yadav,1,1,0,6,19,0,19,0,1,2,0,0
T20 #36,KKR vs RCB,KKR,Suyash Sharma,4,4,0,24,30,2,7.5,5,3,0,1,0
T20 #36,KKR vs RCB,KKR,Varun Chakravarthy,4,4,0,24,27,3,6.75,9,2,1,0,0
T20 #36,KKR vs RCB,KKR,Andre Russell,4,4,0,24,29,2,7.25,11,1,2,0,0
T20 #36,KKR vs RCB,KKR,Sunil Narine,4,4,0,24,41,0,10.25,2,1,2,0,0
T20 #36,KKR vs RCB,KKR,Nitish Rana,1,1,0,6,8,0,8,1,1,0,0,0
T20 #37,Royals vs Super Kings,Super Kings,Akash Singh,2,2,0,12,32,0,16,3,6,1,0,0
T20 #37,Royals vs Super Kings,Super Kings,Tushar Deshpande,4,4,0,24,42,2,10.5,10,5,2,0,0
T20 #37,Royals vs Super Kings,Super Kings,Maheesh Theekshana,4,4,0,24,24,1,6,11,3,0,1,0
T20 #37,Royals vs Super Kings,Super Kings,Ravindra Jadeja,4,4,0,24,32,1,8,6,2,1,1,0
T20 #37,Royals vs Super Kings,Super Kings,Moeen Ali,2,2,0,12,17,0,8.5,2,0,1,0,0
T20 #37,Royals vs Super Kings,Super Kings,Matheesha Pathirana,4,4,0,24,48,0,12,5,5,1,2,0
T20 #37,Royals vs Super Kings,Royals,Sandeep Sharma,4,4,0,24,24,0,6,10,3,0,0,0
T20 #37,Royals vs Super Kings,Royals,Kuldip Yadav,3,3,0,18,18,1,6,4,1,0,0,0
T20 #37,Royals vs Super Kings,Royals,Jason Holder,4,4,0,24,49,0,12.25,4,4,3,1,0
T20 #37,Royals vs Super Kings,Royals,Ravichandran Ashwin,4,4,0,24,35,2,8.75,7,1,2,0,0
T20 #37,Royals vs Super Kings,Royals,Adam Zampa,3,3,0,18,22,3,7.33,7,2,1,0,0
T20 #37,Royals vs Super Kings,Royals,Yuzvendra Chahal,2,2,0,12,21,0,10.5,3,2,1,0,0
T20 #38,Super Giants vs Punjab Kings,Punjab Kings,Gurnoor Brar,3,3,0,18,42,0,14,7,4,3,1,2
T20 #38,Super Giants vs Punjab Kings,Punjab Kings,Arshdeep Singh,4,4,0,24,54,1,13.5,4,10,0,2,0
T20 #38,Super Giants vs Punjab Kings,Punjab Kings,Kagiso Rabada,4,4,0,24,52,2,13,12,3,5,2,2
T20 #38,Super Giants vs Punjab Kings,Punjab Kings,Sikandar Raza,1,1,0,6,17,0,17,2,1,2,0,0
T20 #38,Super Giants vs Punjab Kings,Punjab Kings,Rahul Chahar,4,4,0,24,29,0,7.25,8,2,1,0,0
T20 #38,Super Giants vs Punjab Kings,Punjab Kings,Sam Curran,3,3,0,18,38,1,12.66,5,4,2,0,0
T20 #38,Super Giants vs Punjab Kings,Punjab Kings,Liam Livingstone,1,1,0,6,19,1,19,1,3,1,0,0
T20 #38,Super Giants vs Punjab Kings,Super Giants,Marcus Stoinis,1.5,1,5,11,21,1,11.45,5,2,1,4,0
T20 #38,Super Giants vs Punjab Kings,Super Giants,Kyle Mayers,1,1,0,6,4,0,4,5,1,0,0,0
T20 #38,Super Giants vs Punjab Kings,Super Giants,Ayush Badoni,0.1,0,1,1,0,0,0,1,0,0,0,0
T20 #38,Super Giants vs Punjab Kings,Super Giants,Naveen-ul-Haq,4,4,0,24,30,3,7.5,11,2,0,1,1
T20 #38,Super Giants vs Punjab Kings,Super Giants,Avesh Khan,2,2,0,12,28,0,14,1,3,1,0,0
T20 #38,Super Giants vs Punjab Kings,Super Giants,Amit Mishra,2,2,0,12,23,0,11.5,1,2,1,0,0
T20 #38,Super Giants vs Punjab Kings,Super Giants,Ravi Bishnoi,4,4,0,24,41,2,10.25,9,4,2,0,1
T20 #38,Super Giants vs Punjab Kings,Super Giants,Yash Thakur,3.5,3,5,23,37,4,9.65,9,3,2,1,0
T20 #38,Super Giants vs Punjab Kings,Super Giants,Krunal Pandya,1,1,0,6,13,0,13,2,1,1,1,0
T20 #39,KKR vs Titans,Titans,Mohammed Shami,4,4,0,24,33,3,8.25,12,3,2,0,0
T20 #39,KKR vs Titans,Titans,Hardik Pandya,3,3,0,18,34,0,11.33,9,3,3,1,0
T20 #39,KKR vs Titans,Titans,Rashid Khan,4,4,0,24,54,0,13.5,3,3,4,1,0
T20 #39,KKR vs Titans,Titans,Josh Little,4,4,0,24,25,2,6.25,12,2,1,0,0
T20 #39,KKR vs Titans,Titans,Noor Ahmad,4,4,0,24,21,2,5.25,12,1,1,1,0
T20 #39,KKR vs Titans,Titans,Mohit Sharma,1,1,0,6,12,0,12,1,0,1,0,0
T20 #39,KKR vs Titans,KKR,Harshit Rana,3,3,0,18,25,1,8.33,6,4,0,1,0
T20 #39,KKR vs Titans,KKR,Andre Russell,3,3,0,18,29,1,9.66,6,3,1,1,0
T20 #39,KKR vs Titans,KKR,Varun Chakravarthy,4,4,0,24,42,0,10.5,7,3,3,0,0
T20 #39,KKR vs Titans,KKR,Suyash Sharma,4,4,0,24,37,0,9.25,7,3,2,0,0
T20 #39,KKR vs Titans,KKR,Sunil Narine,3,3,0,18,24,1,8,3,1,1,0,0
T20 #39,KKR vs Titans,KKR,Nitish Rana,0.5,0,5,5,14,0,16.8,0,1,1,1,0
T20 #40,Sunrisers vs Capitals,Capitals,Ishant Sharma,3,3,0,18,31,1,10.33,9,7,0,0,0
T20 #40,Sunrisers vs Capitals,Capitals,Anrich Nortje,4,4,0,24,44,0,11,4,4,1,2,0
T20 #40,Sunrisers vs Capitals,Capitals,Mukesh Kumar,2,2,0,12,38,0,19,2,4,2,2,1
T20 #40,Sunrisers vs Capitals,Capitals,Mitchell Marsh,4,4,0,24,27,4,6.75,12,1,2,2,0
T20 #40,Sunrisers vs Capitals,Capitals,Kuldeep Yadav,3,3,0,18,27,0,9,4,1,2,0,0
T20 #40,Sunrisers vs Capitals,Capitals,Axar Patel,4,4,0,24,29,1,7.25,7,0,2,2,0
T20 #40,Sunrisers vs Capitals,Sunrisers,Bhuvneshwar Kumar,4,4,0,24,45,1,11.25,5,3,2,3,0
T20 #40,Sunrisers vs Capitals,Sunrisers,Akeal Hosein,4,4,0,24,40,1,10,6,4,2,0,0
T20 #40,Sunrisers vs Capitals,Sunrisers,T Natarajan,4,4,0,24,34,1,8.5,4,2,1,0,0
T20 #40,Sunrisers vs Capitals,Sunrisers,Umran Malik,1,1,0,6,22,0,22,0,2,2,0,0
T20 #40,Sunrisers vs Capitals,Sunrisers,Mayank Markande,4,4,0,24,20,2,5,7,1,0,0,0
T20 #40,Sunrisers vs Capitals,Sunrisers,Abhishek Sharma,3,3,0,18,26,1,8.66,5,2,1,0,0
T20 #41,Super Kings vs Punjab Kings,Punjab Kings,Arshdeep Singh,4,4,0,24,37,1,9.25,8,5,0,3,0
T20 #41,Super Kings vs Punjab Kings,Punjab Kings,Kagiso Rabada,4,4,0,24,34,0,8.5,8,4,1,1,0
T20 #41,Super Kings vs Punjab Kings,Punjab Kings,Sam Curran,4,4,0,24,46,1,11.5,7,5,2,3,0
T20 #41,Super Kings vs Punjab Kings,Punjab Kings,Rahul Chahar,4,4,0,24,35,1,8.75,7,2,2,0,0
T20 #41,Super Kings vs Punjab Kings,Punjab Kings,Sikandar Raza,3,3,0,18,31,1,10.33,6,4,1,0,0
T20 #41,Super Kings vs Punjab Kings,Punjab Kings,Liam Livingstone,1,1,0,6,16,0,16,0,3,0,0,0
T20 #41,Super Kings vs Punjab Kings,Super Kings,Akash Singh,3,3,0,18,35,0,11.66,4,3,2,1,0
T20 #41,Super Kings vs Punjab Kings,Super Kings,Tushar Deshpande,4,4,0,24,49,3,12.25,10,3,4,2,0
T20 #41,Super Kings vs Punjab Kings,Super Kings,Maheesh Theekshana,4,4,0,24,36,0,9,5,4,0,1,0
T20 #41,Super Kings vs Punjab Kings,Super Kings,Ravindra Jadeja,4,4,0,24,32,2,8,8,1,2,0,0
T20 #41,Super Kings vs Punjab Kings,Super Kings,Moeen Ali,1,1,0,6,10,0,10,2,0,1,0,0
T20 #41,Super Kings vs Punjab Kings,Super Kings,Matheesha Pathirana,4,4,0,24,32,1,8,6,2,0,1,0
T20 #42,Royals vs Mumbai,Mumbai,Cameron Green,3,3,0,18,31,0,10.33,10,2,2,4,0
T20 #42,Royals vs Mumbai,Mumbai,Jofra Archer,4,4,0,24,35,1,8.75,16,2,3,3,1
T20 #42,Royals vs Mumbai,Mumbai,Riley Meredith,4,4,0,24,51,1,12.75,7,9,1,2,0
T20 #42,Royals vs Mumbai,Mumbai,Piyush Chawla,4,4,0,24,34,2,8.5,11,2,3,0,0
T20 #42,Royals vs Mumbai,Mumbai,Kumar Kartikeya,2,2,0,12,14,0,7,6,1,1,0,0
T20 #42,Royals vs Mumbai,Mumbai,Arshad Khan,3,3,0,18,39,3,13,5,4,2,3,0
T20 #42,Royals vs Mumbai,Royals,Trent Boult,4,4,0,24,43,1,10.75,8,7,0,2,0
T20 #42,Royals vs Mumbai,Royals,Sandeep Sharma,4,4,0,24,35,1,8.75,5,3,1,2,0
T20 #42,Royals vs Mumbai,Royals,Ravichandran Ashwin,4,4,0,24,27,2,6.75,8,0,2,1,0
T20 #42,Royals vs Mumbai,Royals,Yuzvendra Chahal,3,3,0,18,32,0,10.66,5,3,2,0,0
T20 #42,Royals vs Mumbai,Royals,Jason Holder,3.3,3,3,21,55,0,15.71,4,5,4,2,0
T20 #42,Royals vs Mumbai,Royals,Kuldeep Sen,1,1,0,6,20,0,20,2,3,1,0,1
T20 #43,RCB vs Super Giants,Super Giants,Krunal Pandya,4,4,0,24,21,0,5.25,8,1,0,0,0
T20 #43,RCB vs Super Giants,Super Giants,Marcus Stoinis,1,1,0,6,11,0,11,0,1,0,0,0
T20 #43,RCB vs Super Giants,Super Giants,Naveen-ul-Haq,4,4,0,24,30,3,7.5,8,3,1,0,0
T20 #43,RCB vs Super Giants,Super Giants,Ravi Bishnoi,4,4,0,24,21,2,5.25,7,0,0,0,0
T20 #43,RCB vs Super Giants,Super Giants,Amit Mishra,3,3,0,18,21,2,7,4,0,1,0,0
T20 #43,RCB vs Super Giants,Super Giants,Yash Thakur,2,2,0,12,12,0,6,6,1,0,2,0
T20 #43,RCB vs Super Giants,Super Giants,Krishnappa Gowtham,2,2,0,12,10,1,5,5,0,0,0,0
T20 #43,RCB vs Super Giants,RCB,Mohammed Siraj,3,3,0,18,24,1,8,11,4,0,3,1
T20 #43,RCB vs Super Giants,RCB,Josh Hazlewood,3,3,0,18,15,2,5,13,1,1,0,1
T20 #43,RCB vs Super Giants,RCB,Glenn Maxwell,1,1,0,6,3,1,3,3,0,0,0,0
T20 #43,RCB vs Super Giants,RCB,Wanindu Hasaranga,4,4,0,24,20,1,5,14,0,2,0,0
T20 #43,RCB vs Super Giants,RCB,Karn Sharma,4,4,0,24,20,2,5,12,1,1,0,0
T20 #43,RCB vs Super Giants,RCB,Harshal Patel,3.5,3,5,23,20,1,5.21,9,2,0,0,0
T20 #43,RCB vs Super Giants,RCB,Mahipal Lomror,1,1,0,6,4,0,4,2,0,0,0,0
T20 #44,Capitals vs Titans,Titans,Mohammed Shami,4,4,0,24,11,4,2.75,19,1,0,0,0
T20 #44,Capitals vs Titans,Titans,Hardik Pandya,1,1,0,6,10,0,10,3,2,0,0,1
T20 #44,Capitals vs Titans,Titans,Josh Little,3,3,0,18,27,0,9,6,4,0,0,0
T20 #44,Capitals vs Titans,Titans,Rashid Khan,4,4,0,24,28,1,7,12,0,3,1,0
T20 #44,Capitals vs Titans,Titans,Noor Ahmad,4,4,0,24,20,0,5,11,1,0,2,0
T20 #44,Capitals vs Titans,Titans,Mohit Sharma,4,4,0,24,33,2,8.25,7,1,2,0,0
T20 #44,Capitals vs Titans,Capitals,Khaleel Ahmed,4,4,0,24,24,2,6,12,4,0,0,0
T20 #44,Capitals vs Titans,Capitals,Ishant Sharma,4,4,0,24,23,2,5.75,12,2,0,1,0
T20 #44,Capitals vs Titans,Capitals,Anrich Nortje,4,4,0,24,39,1,9.75,11,2,3,2,0
T20 #44,Capitals vs Titans,Capitals,Kuldeep Yadav,4,4,0,24,15,1,3.75,9,0,0,0,0
T20 #44,Capitals vs Titans,Capitals,Axar Patel,4,4,0,24,24,0,6,10,1,1,1,0
T20 #45,Punjab Kings vs Mumbai,Mumbai,Cameron Green,2,2,0,12,15,0,7.5,7,2,0,0,0
T20 #45,Punjab Kings vs Mumbai,Mumbai,Arshad Khan,4,4,0,24,48,1,12,9,7,2,1,0
T20 #45,Punjab Kings vs Mumbai,Mumbai,Jofra Archer,4,4,0,24,56,0,14,4,4,3,2,1
T20 #45,Punjab Kings vs Mumbai,Mumbai,Piyush Chawla,4,4,0,24,29,2,7.25,7,4,0,0,0
T20 #45,Punjab Kings vs Mumbai,Mumbai,Kumar Kartikeya,3,3,0,18,24,0,8,3,0,1,3,0
T20 #45,Punjab Kings vs Mumbai,Mumbai,Akash Madhwal,3,3,0,18,37,0,12.33,1,3,1,0,1
T20 #45,Punjab Kings vs Mumbai,Punjab Kings,Rishi Dhawan,3,3,0,18,20,1,6.66,11,1,2,0,0
T20 #45,Punjab Kings vs Mumbai,Punjab Kings,Arshdeep Singh,3.5,3,5,23,66,1,17.21,4,8,4,2,0
T20 #45,Punjab Kings vs Mumbai,Punjab Kings,Sam Curran,3,3,0,18,41,0,13.66,3,5,2,1,0
T20 #45,Punjab Kings vs Mumbai,Punjab Kings,Nathan Ellis,4,4,0,24,34,2,8.5,4,3,0,0,0
T20 #45,Punjab Kings vs Mumbai,Punjab Kings,Rahul Chahar,3,3,0,18,30,0,10,5,5,0,0,0
T20 #45,Punjab Kings vs Mumbai,Punjab Kings,Harpreet Brar,2,2,0,12,21,0,10.5,1,1,1,0,0
T20 #46,KKR vs Sunrisers,Sunrisers,Bhuvneshwar Kumar,4,4,0,24,33,1,8.25,12,6,0,1,0
T20 #46,KKR vs Sunrisers,Sunrisers,Marco Jansen,3,3,0,18,24,2,8,7,3,0,0,1
T20 #46,KKR vs Sunrisers,Sunrisers,Kartik Tyagi,2,2,0,12,30,1,15,5,3,2,2,1
T20 #46,KKR vs Sunrisers,Sunrisers,Aiden Markram,3,3,0,18,24,1,8,5,2,1,0,0
T20 #46,KKR vs Sunrisers,Sunrisers,T Natarajan,4,4,0,24,30,2,7.5,9,1,1,2,0
T20 #46,KKR vs Sunrisers,Sunrisers,Mayank Markande,4,4,0,24,29,1,7.25,8,1,2,0,0
T20 #46,KKR vs Sunrisers,KKR,Harshit Rana,4,4,0,24,27,1,6.75,13,1,2,2,0
T20 #46,KKR vs Sunrisers,KKR,Vaibhav Arora,3,3,0,18,32,2,10.66,6,5,0,1,2
T20 #46,KKR vs Sunrisers,KKR,Shardul Thakur,3,3,0,18,23,2,7.66,6,3,0,0,0
T20 #46,KKR vs Sunrisers,KKR,Andre Russell,1,1,0,6,15,1,15,4,2,1,0,1
T20 #46,KKR vs Sunrisers,KKR,Anukul Roy,3,3,0,18,26,1,8.66,6,1,2,1,0
T20 #46,KKR vs Sunrisers,KKR,Sunil Narine,2,2,0,12,16,0,8,1,1,0,0,0
T20 #46,KKR vs Sunrisers,KKR,Varun Chakravarthy,4,4,0,24,20,1,5,12,2,0,0,0
T20 #47,Royals vs Titans,Titans,Mohammed Shami,4,4,0,24,27,1,6.75,13,2,1,2,0
T20 #47,Royals vs Titans,Titans,Hardik Pandya,2,2,0,12,22,1,11,4,3,1,0,0
T20 #47,Royals vs Titans,Titans,Rashid Khan,4,4,0,24,14,3,3.5,13,0,0,2,0
T20 #47,Royals vs Titans,Titans,Josh Little,4,4,0,24,24,1,6,7,2,0,0,0
T20 #47,Royals vs Titans,Titans,Noor Ahmad,3,3,0,18,25,2,8.33,7,2,1,3,0
T20 #47,Royals vs Titans,Titans,Mohit Sharma,0.5,0,5,5,5,0,6,0,0,0,0,0
T20 #47,Royals vs Titans,Royals,Trent Boult,3,3,0,18,28,0,9.33,8,6,0,0,0
T20 #47,Royals vs Titans,Royals,Sandeep Sharma,3,3,0,18,19,0,6.33,9,3,0,0,1
T20 #47,Royals vs Titans,Royals,Adam Zampa,3,3,0,18,40,0,13.33,3,3,3,0,0
T20 #47,Royals vs Titans,Royals,Yuzvendra Chahal,3.5,3,5,23,22,1,5.73,7,1,0,0,0
T20 #47,Royals vs Titans,Royals,Ravichandran Ashwin,1,1,0,6,8,0,8,1,1,0,0,0
T20 #48,Mumbai vs Super Kings,Super Kings,Deepak Chahar,3,3,0,18,18,2,6,10,3,0,0,0
T20 #48,Mumbai vs Super Kings,Super Kings,Tushar Deshpande,4,4,0,24,26,2,6.5,9,2,0,1,0
T20 #48,Mumbai vs Super Kings,Super Kings,Ravindra Jadeja,4,4,0,24,37,1,9.25,5,5,0,1,0
T20 #48,Mumbai vs Super Kings,Super Kings,Moeen Ali,1,1,0,6,10,0,10,2,2,0,0,0
T20 #48,Mumbai vs Super Kings,Super Kings,Maheesh Theekshana,4,4,0,24,28,0,7,11,3,1,0,0
T20 #48,Mumbai vs Super Kings,Super Kings,Matheesha Pathirana,4,4,0,24,15,3,3.75,12,0,0,0,0
T20 #48,Mumbai vs Super Kings,Mumbai,Cameron Green,1,1,0,6,10,0,10,4,2,0,1,1
T20 #48,Mumbai vs Super Kings,Mumbai,Jofra Archer,4,4,0,24,24,0,6,11,3,0,1,0
T20 #48,Mumbai vs Super Kings,Mumbai,Arshad Khan,1.4,1,4,10,28,0,16.8,3,2,3,0,0
T20 #48,Mumbai vs Super Kings,Mumbai,Piyush Chawla,4,4,0,24,25,2,6.25,8,1,1,0,0
T20 #48,Mumbai vs Super Kings,Mumbai,Raghav Goyal,4,4,0,24,33,0,8.25,7,1,2,0,0
T20 #48,Mumbai vs Super Kings,Mumbai,Tristan Stubbs,2,2,0,12,14,1,7,3,0,1,0,0
T20 #48,Mumbai vs Super Kings,Mumbai,Akash Madhwal,1,1,0,6,4,1,4,2,0,0,0,0
T20 #49,RCB vs Capitals,Capitals,Khaleel Ahmed,4,4,0,24,45,1,11.25,7,3,3,1,0
T20 #49,RCB vs Capitals,Capitals,Axar Patel,3,3,0,18,17,0,5.66,7,2,0,0,0
T20 #49,RCB vs Capitals,Capitals,Ishant Sharma,3,3,0,18,29,0,9.66,5,4,0,2,0
T20 #49,RCB vs Capitals,Capitals,Mukesh Kumar,3,3,0,18,30,1,10,6,5,0,1,0
T20 #49,RCB vs Capitals,Capitals,Mitchell Marsh,3,3,0,18,21,2,7,3,0,1,1,0
T20 #49,RCB vs Capitals,Capitals,Kuldeep Yadav,4,4,0,24,37,0,9.25,5,2,2,0,0
T20 #49,RCB vs Capitals,RCB,Mohammed Siraj,2,2,0,12,28,0,14,4,3,2,1,0
T20 #49,RCB vs Capitals,RCB,Glenn Maxwell,1.4,1,4,10,14,0,8.4,4,1,1,0,0
T20 #49,RCB vs Capitals,RCB,Josh Hazlewood,3,3,0,18,29,1,9.66,9,2,2,0,1
T20 #49,RCB vs Capitals,RCB,Wanindu Hasaranga,4,4,0,24,32,0,8,9,2,2,0,0
T20 #49,RCB vs Capitals,RCB,Karn Sharma,3,3,0,18,33,1,11,4,4,1,0,0
T20 #49,RCB vs Capitals,RCB,Mahipal Lomror,1,1,0,6,13,0,13,1,1,1,0,0
T20 #49,RCB vs Capitals,RCB,Harshal Patel,2,2,0,12,32,1,16,4,2,3,1,0
T20 #50,Titans vs Super Giants,Super Giants,Mohsin Khan,3,3,0,18,42,1,14,4,5,2,2,0
T20 #50,Titans vs Super Giants,Super Giants,Avesh Khan,4,4,0,24,34,1,8.5,8,2,2,0,0
T20 #50,Titans vs Super Giants,Super Giants,Krunal Pandya,4,4,0,24,38,0,9.5,5,2,2,0,0
T20 #50,Titans vs Super Giants,Super Giants,Yash Thakur,4,4,0,24,48,0,12,4,2,4,1,0
T20 #50,Titans vs Super Giants,Super Giants,Ravi Bishnoi,2,2,0,12,21,0,10.5,2,0,2,1,0
T20 #50,Titans vs Super Giants,Super Giants,Kyle Mayers,1,1,0,6,16,0,16,1,3,0,0,1
T20 #50,Titans vs Super Giants,Super Giants,Swapnil Singh,1,1,0,6,7,0,7,1,0,0,0,0
T20 #50,Titans vs Super Giants,Super Giants,Marcus Stoinis,1,1,0,6,20,0,20,0,1,2,0,0
T20 #50,Titans vs Super Giants,Titans,Mohammed Shami,4,4,0,24,37,1,9.25,9,3,2,1,0
T20 #50,Titans vs Super Giants,Titans,Hardik Pandya,3,3,0,18,37,0,12.33,6,6,1,2,0
T20 #50,Titans vs Super Giants,Titans,Rashid Khan,4,4,0,24,34,1,8.5,6,1,2,0,0
T20 #50,Titans vs Super Giants,Titans,Noor Ahmad,4,4,0,24,26,1,6.5,11,4,0,1,0
T20 #50,Titans vs Super Giants,Titans,Mohit Sharma,4,4,0,24,29,4,7.25,9,1,2,1,0
T20 #50,Titans vs Super Giants,Titans,Alzarri Joseph,1,1,0,6,5,0,5,4,1,0,0,0
T20 #51,Royals vs Sunrisers,Sunrisers,Bhuvneshwar Kumar,4,4,0,24,44,1,11,7,6,1,2,0
T20 #51,Royals vs Sunrisers,Sunrisers,Marco Jansen,4,4,0,24,44,1,11,5,6,1,1,0
T20 #51,Royals vs Sunrisers,Sunrisers,T Natarajan,4,4,0,24,36,0,9,8,4,1,1,0
T20 #51,Royals vs Sunrisers,Sunrisers,Mayank Markande,4,4,0,24,51,0,12.75,7,1,6,0,0
T20 #51,Royals vs Sunrisers,Sunrisers,Abhishek Sharma,2,2,0,12,15,0,7.5,5,1,1,0,0
T20 #51,Royals vs Sunrisers,Sunrisers,Vivrant Sharma,2,2,0,12,18,0,9,4,1,1,1,0
T20 #51,Royals vs Sunrisers,Royals,Sandeep Sharma,4,4,0,24,48,0,12,5,5,2,0,1
T20 #51,Royals vs Sunrisers,Royals,Kuldip Yadav,4,4,0,24,50,1,12.5,5,2,4,0,0
T20 #51,Royals vs Sunrisers,Royals,Ravichandran Ashwin,4,4,0,24,35,1,8.75,5,2,1,3,0
T20 #51,Royals vs Sunrisers,Royals,Yuzvendra Chahal,4,4,0,24,29,4,7.25,11,3,1,0,0
T20 #51,Royals vs Sunrisers,Royals,Murugan Ashwin,3,3,0,18,42,0,14,3,2,4,0,0
T20 #51,Royals vs Sunrisers,Royals,Obed McCoy,1,1,0,6,13,0,13,2,1,1,1,0
T20 #52,Punjab Kings vs KKR,KKR,Vaibhav Arora,3,3,0,18,32,0,10.66,8,7,0,1,0
T20 #52,Punjab Kings vs KKR,KKR,Harshit Rana,3,3,0,18,33,2,11,9,4,2,0,1
T20 #52,Punjab Kings vs KKR,KKR,Andre Russell,1,1,0,6,19,0,19,1,4,0,0,1
T20 #52,Punjab Kings vs KKR,KKR,Varun Chakravarthy,4,4,0,24,26,3,6.5,11,2,1,1,0
T20 #52,Punjab Kings vs KKR,KKR,Suyash Sharma,4,4,0,24,26,1,6.5,12,1,2,1,0
T20 #52,Punjab Kings vs KKR,KKR,Sunil Narine,4,4,0,24,29,0,7.25,9,2,1,1,0
T20 #52,Punjab Kings vs KKR,KKR,Nitish Rana,1,1,0,6,7,1,7,3,1,0,0,0
T20 #52,Punjab Kings vs KKR,Punjab Kings,Rishi Dhawan,2,2,0,12,15,0,7.5,5,2,0,0,0
T20 #52,Punjab Kings vs KKR,Punjab Kings,Arshdeep Singh,4,4,0,24,39,0,9.75,10,6,1,1,0
T20 #52,Punjab Kings vs KKR,Punjab Kings,Nathan Ellis,4,4,0,24,29,1,7.25,7,2,1,0,0
T20 #52,Punjab Kings vs KKR,Punjab Kings,Sam Curran,3,3,0,18,44,0,14.66,5,5,3,1,0
T20 #52,Punjab Kings vs KKR,Punjab Kings,Liam Livingstone,2,2,0,12,27,0,13.5,2,4,1,0,0
T20 #52,Punjab Kings vs KKR,Punjab Kings,Harpreet Brar,1,1,0,6,4,1,4,2,0,0,0,0
T20 #52,Punjab Kings vs KKR,Punjab Kings,Rahul Chahar,4,4,0,24,23,2,5.75,8,1,0,1,0
T20 #53,RCB vs Mumbai,Mumbai,Jason Behrendorff,4,4,0,24,36,3,9,9,5,1,0,0
T20 #53,RCB vs Mumbai,Mumbai,Piyush Chawla,4,4,0,24,41,0,10.25,8,5,2,0,0
T20 #53,RCB vs Mumbai,Mumbai,Cameron Green,2,2,0,12,15,1,7.5,6,3,0,0,0
T20 #53,RCB vs Mumbai,Mumbai,Chris Jordan,4,4,0,24,48,1,12,7,4,3,1,0
T20 #53,RCB vs Mumbai,Mumbai,Kumar Kartikeya,4,4,0,24,35,1,8.75,6,3,1,1,0
T20 #53,RCB vs Mumbai,Mumbai,Akash Madhwal,2,2,0,12,23,0,11.5,1,1,1,0,1
T20 #53,RCB vs Mumbai,RCB,Mohammed Siraj,3,3,0,18,31,0,10.33,10,2,3,1,0
T20 #53,RCB vs Mumbai,RCB,Josh Hazlewood,3,3,0,18,32,0,10.66,7,5,1,1,0
T20 #53,RCB vs Mumbai,RCB,Wanindu Hasaranga,4,4,0,24,53,2,13.25,5,2,5,1,0
T20 #53,RCB vs Mumbai,RCB,Vijaykumar Vyshak,3,3,0,18,37,2,12.33,7,2,3,1,1
T20 #53,RCB vs Mumbai,RCB,Harshal Patel,3.3,3,3,21,41,0,11.71,3,5,1,1,1
T20 #54,Super Kings vs Capitals,Capitals,Khaleel Ahmed,4,4,0,24,32,1,8,9,1,2,2,0
T20 #54,Super Kings vs Capitals,Capitals,Ishant Sharma,2,2,0,12,23,0,11.5,4,4,0,2,0
T20 #54,Super Kings vs Capitals,Capitals,Lalit Yadav,3,3,0,18,34,1,11.33,6,2,3,0,0
T20 #54,Super Kings vs Capitals,Capitals,Axar Patel,4,4,0,24,27,2,6.75,8,2,1,0,0
T20 #54,Super Kings vs Capitals,Capitals,Kuldeep Yadav,4,4,0,24,28,1,7,6,0,1,3,0
T20 #54,Super Kings vs Capitals,Capitals,Mitchell Marsh,3,3,0,18,18,3,6,7,1,0,3,0
T20 #54,Super Kings vs Capitals,Super Kings,Deepak Chahar,3,3,0,18,28,2,9.33,10,3,2,1,0
T20 #54,Super Kings vs Capitals,Super Kings,Tushar Deshpande,3,3,0,18,18,0,6,9,1,1,0,0
T20 #54,Super Kings vs Capitals,Super Kings,Maheesh Theekshana,2,2,0,12,16,0,8,2,0,1,0,0
T20 #54,Super Kings vs Capitals,Super Kings,Ravindra Jadeja,4,4,0,24,19,1,4.75,10,1,0,0,0
T20 #54,Super Kings vs Capitals,Super Kings,Moeen Ali,4,4,0,24,16,0,4,13,0,1,0,0
T20 #54,Super Kings vs Capitals,Super Kings,Matheesha Pathirana,4,4,0,24,37,3,9.25,11,5,1,4,0
T20 #55,KKR vs Royals,Royals,Trent Boult,3,3,0,18,15,2,5,13,2,0,0,0
T20 #55,KKR vs Royals,Royals,Sandeep Sharma,4,4,0,24,34,1,8.5,12,2,3,0,0
T20 #55,KKR vs Royals,Royals,Ravichandran Ashwin,4,4,0,24,32,0,8,6,1,2,0,0
T20 #55,KKR vs Royals,Royals,Joe Root,2,2,0,12,14,0,7,2,1,0,0,0
T20 #55,KKR vs Royals,Royals,Yuzvendra Chahal,4,4,0,24,25,4,6.25,11,2,1,0,0
T20 #55,KKR vs Royals,Royals,KM Asif,3,3,0,18,27,1,9,4,0,2,1,0
T20 #55,KKR vs Royals,KKR,Nitish Rana,1,1,0,6,26,0,26,0,3,2,0,0
T20 #55,KKR vs Royals,KKR,Harshit Rana,2,2,0,12,22,0,11,6,2,1,2,0
T20 #55,KKR vs Royals,KKR,Shardul Thakur,1.1,1,1,7,18,0,15.42,1,4,0,0,0
T20 #55,KKR vs Royals,KKR,Varun Chakravarthy,3,3,0,18,28,0,9.33,10,3,2,1,0
T20 #55,KKR vs Royals,KKR,Sunil Narine,2,2,0,12,13,0,6.5,5,0,1,0,0
T20 #55,KKR vs Royals,KKR,Suyash Sharma,3,3,0,18,22,0,7.33,7,2,1,0,0
T20 #55,KKR vs Royals,KKR,Anukul Roy,1,1,0,6,20,0,20,1,0,3,0,0
T20 #56,Mumbai vs Titans,Titans,Mohammed Shami,4,4,0,24,53,0,13.25,9,5,4,0,0
T20 #56,Mumbai vs Titans,Titans,Mohit Sharma,4,4,0,24,43,1,10.75,10,6,2,0,0
T20 #56,Mumbai vs Titans,Titans,Rashid Khan,4,4,0,24,30,4,7.5,10,5,0,0,0
T20 #56,Mumbai vs Titans,Titans,Noor Ahmad,4,4,0,24,38,0,9.5,7,4,1,0,0
T20 #56,Mumbai vs Titans,Titans,Alzarri Joseph,4,4,0,24,52,0,13,5,2,5,0,0
T20 #56,Mumbai vs Titans,Mumbai,Jason Behrendorff,4,4,0,24,37,1,9.25,8,5,1,1,0
T20 #56,Mumbai vs Titans,Mumbai,Akash Madhwal,4,4,0,24,31,3,7.75,11,4,1,0,0
T20 #56,Mumbai vs Titans,Mumbai,Chris Jordan,4,4,0,24,34,0,8.5,9,3,2,0,0
T20 #56,Mumbai vs Titans,Mumbai,Piyush Chawla,4,4,0,24,36,2,9,7,4,1,0,0
T20 #56,Mumbai vs Titans,Mumbai,Kumar Kartikeya,3,3,0,18,37,2,12.33,8,0,5,2,0
T20 #56,Mumbai vs Titans,Mumbai,Cameron Green,1,1,0,6,13,0,13,3,0,2,0,0
T20 #57,Sunrisers vs Super Giants,Super Giants,Yudhvir Singh,3,3,0,18,24,1,8,8,4,0,1,0
T20 #57,Sunrisers vs Super Giants,Super Giants,Kyle Mayers,1,1,0,6,11,0,11,3,2,0,0,1
T20 #57,Sunrisers vs Super Giants,Super Giants,Krunal Pandya,4,4,0,24,24,2,6,12,2,1,0,0
T20 #57,Sunrisers vs Super Giants,Super Giants,Avesh Khan,2,2,0,12,30,1,15,2,5,1,0,0
T20 #57,Sunrisers vs Super Giants,Super Giants,Yash Thakur,4,4,0,24,28,1,7,11,1,2,0,0
T20 #57,Sunrisers vs Super Giants,Super Giants,Amit Mishra,4,4,0,24,40,1,10,8,2,3,1,0
T20 #57,Sunrisers vs Super Giants,Super Giants,Ravi Bishnoi,2,2,0,12,23,0,11.5,1,2,1,0,0
T20 #57,Sunrisers vs Super Giants,Sunrisers,Bhuvneshwar Kumar,4,4,0,24,30,0,7.5,8,3,1,0,0
T20 #57,Sunrisers vs Super Giants,Sunrisers,Fazalhaq Farooqi,3.2,3,2,20,32,0,9.6,8,5,0,4,0
T20 #57,Sunrisers vs Super Giants,Sunrisers,Glenn Phillips,2,2,0,12,10,1,5,5,1,0,0,0
T20 #57,Sunrisers vs Super Giants,Sunrisers,T Natarajan,4,4,0,24,31,0,7.75,8,1,2,0,0
T20 #57,Sunrisers vs Super Giants,Sunrisers,Mayank Markande,3,3,0,18,39,1,13,2,4,2,0,0
T20 #57,Sunrisers vs Super Giants,Sunrisers,Abhishek Sharma,3,3,0,18,42,1,14,6,1,5,1,0
T20 #58,Punjab Kings vs Capitals,Capitals,Khaleel Ahmed,4,4,0,24,36,0,9,11,4,1,3,0
T20 #58,Punjab Kings vs Capitals,Capitals,Ishant Sharma,3,3,0,18,27,2,9,8,4,1,0,0
T20 #58,Punjab Kings vs Capitals,Capitals,Axar Patel,4,4,0,24,27,1,6.75,12,1,1,2,0
T20 #58,Punjab Kings vs Capitals,Capitals,Praveen Dubey,3,3,0,18,19,1,6.33,8,1,1,1,0
T20 #58,Punjab Kings vs Capitals,Capitals,Kuldeep Yadav,4,4,0,24,32,1,8,9,2,2,0,0
T20 #58,Punjab Kings vs Capitals,Capitals,Mitchell Marsh,1,1,0,6,21,0,21,0,1,2,1,0
T20 #58,Punjab Kings vs Capitals,Capitals,Mukesh Kumar,1,1,0,6,3,1,3,3,0,0,0,0
T20 #58,Punjab Kings vs Capitals,Punjab Kings,Rishi Dhawan,1,1,0,6,10,0,10,2,2,0,0,0
T20 #58,Punjab Kings vs Capitals,Punjab Kings,Sam Curran,2,2,0,12,18,0,9,4,3,0,0,0
T20 #58,Punjab Kings vs Capitals,Punjab Kings,Harpreet Brar,4,4,0,24,30,4,7.5,11,5,0,1,0
T20 #58,Punjab Kings vs Capitals,Punjab Kings,Nathan Ellis,4,4,0,24,26,2,6.5,6,2,0,1,0
T20 #58,Punjab Kings vs Capitals,Punjab Kings,Arshdeep Singh,4,4,0,24,32,0,8,8,2,2,0,0
T20 #58,Punjab Kings vs Capitals,Punjab Kings,Rahul Chahar,4,4,0,24,16,2,4,18,3,0,1,0
T20 #58,Punjab Kings vs Capitals,Punjab Kings,Sikandar Raza,1,1,0,6,3,0,3,3,0,0,0,0
T20 #59,RCB vs Royals,Royals,Sandeep Sharma,4,4,0,24,34,1,8.5,4,4,0,1,0
T20 #59,RCB vs Royals,Royals,Adam Zampa,4,4,0,24,25,2,6.25,10,2,1,0,0
T20 #59,RCB vs Royals,Royals,Yuzvendra Chahal,4,4,0,24,37,0,9.25,4,3,1,1,0
T20 #59,RCB vs Royals,Royals,Ravichandran Ashwin,4,4,0,24,33,0,8.25,5,1,2,1,0
T20 #59,RCB vs Royals,Royals,KM Asif,4,4,0,24,42,2,10.5,8,2,3,1,0
T20 #59,RCB vs Royals,RCB,Mohammed Siraj,2,2,0,12,10,1,5,9,2,0,1,0
T20 #59,RCB vs Royals,RCB,Wayne Parnell,3,3,0,18,10,3,3.33,12,1,0,1,0
T20 #59,RCB vs Royals,RCB,Michael Bracewell,3,3,0,18,16,2,5.33,10,1,1,0,0
T20 #59,RCB vs Royals,RCB,Karn Sharma,1.3,1,3,9,19,2,12.66,5,0,3,0,0
T20 #59,RCB vs Royals,RCB,Glenn Maxwell,1,1,0,6,3,1,3,4,0,0,0,0
T20 #60,Super Kings vs KKR,KKR,Vaibhav Arora,4,4,0,24,30,1,7.5,7,2,0,1,1
T20 #60,Super Kings vs KKR,KKR,Harshit Rana,2,2,0,12,19,0,9.5,5,2,1,0,0
T20 #60,Super Kings vs KKR,KKR,Varun Chakravarthy,4,4,0,24,36,2,9,5,2,1,1,0
T20 #60,Super Kings vs KKR,KKR,Sunil Narine,4,4,0,24,15,2,3.75,10,0,0,0,0
T20 #60,Super Kings vs KKR,KKR,Shardul Thakur,3,3,0,18,15,1,5,7,1,0,1,0
T20 #60,Super Kings vs KKR,KKR,Suyash Sharma,3,3,0,18,29,0,9.66,6,0,3,0,1
T20 #60,Super Kings vs KKR,Super Kings,Deepak Chahar,3,3,0,18,27,3,9,7,3,1,2,0
T20 #60,Super Kings vs KKR,Super Kings,Tushar Deshpande,3.3,3,3,21,25,0,7.14,11,2,1,2,0
T20 #60,Super Kings vs KKR,Super Kings,Moeen Ali,4,4,0,24,31,0,7.75,8,5,0,0,0
T20 #60,Super Kings vs KKR,Super Kings,Maheesh Theekshana,3,3,0,18,22,0,7.33,3,2,0,0,0
T20 #60,Super Kings vs KKR,Super Kings,Matheesha Pathirana,3,3,0,18,23,0,7.66,8,1,0,2,1
T20 #60,Super Kings vs KKR,Super Kings,Ravindra Jadeja,2,2,0,12,18,0,9,4,0,2,0,0
T20 #61,Titans vs Sunrisers,Sunrisers,Bhuvneshwar Kumar,4,4,0,24,30,5,7.5,11,4,0,0,0
T20 #61,Titans vs Sunrisers,Sunrisers,Marco Jansen,4,4,0,24,39,1,9.75,11,3,1,4,2
T20 #61,Titans vs Sunrisers,Sunrisers,Fazalhaq Farooqi,3,3,0,18,31,1,10.33,3,4,0,1,0
T20 #61,Titans vs Sunrisers,Sunrisers,T Natarajan,4,4,0,24,34,1,8.5,4,4,0,0,0
T20 #61,Titans vs Sunrisers,Sunrisers,Aiden Markram,1,1,0,6,13,0,13,0,2,0,0,0
T20 #61,Titans vs Sunrisers,Sunrisers,Mayank Markande,3,3,0,18,27,0,9,3,4,0,0,0
T20 #61,Titans vs Sunrisers,Sunrisers,Abhishek Sharma,1,1,0,6,13,0,13,2,1,1,1,0
T20 #61,Titans vs Sunrisers,Titans,Mohammed Shami,4,4,0,24,21,4,5.25,13,1,1,0,0
T20 #61,Titans vs Sunrisers,Titans,Yash Dayal,4,4,0,24,31,1,7.75,11,4,0,4,0
T20 #61,Titans vs Sunrisers,Titans,Rashid Khan,4,4,0,24,28,0,7,6,1,1,0,0
T20 #61,Titans vs Sunrisers,Titans,Mohit Sharma,4,4,0,24,28,4,7,12,3,1,0,0
T20 #61,Titans vs Sunrisers,Titans,Noor Ahmad,2.5,2,5,17,35,0,12.35,3,3,2,1,0
T20 #61,Titans vs Sunrisers,Titans,Rahul Tewatia,1.1,1,1,7,7,0,6,3,1,0,0,0
T20 #62,Super Giants vs Mumbai,Mumbai,Jason Behrendorff,4,4,0,24,30,2,7.5,9,0,2,1,0
T20 #62,Super Giants vs Mumbai,Mumbai,Chris Jordan,4,4,0,24,50,0,12.5,7,3,4,2,0
T20 #62,Super Giants vs Mumbai,Mumbai,Hrithik Shokeen,3,3,0,18,20,0,6.66,9,1,1,0,0
T20 #62,Super Giants vs Mumbai,Mumbai,Piyush Chawla,3,3,0,18,26,1,8.66,5,0,2,0,0
T20 #62,Super Giants vs Mumbai,Mumbai,Akash Madhwal,4,4,0,24,30,0,7.5,7,1,1,2,0
T20 #62,Super Giants vs Mumbai,Mumbai,Cameron Green,2,2,0,12,16,0,8,5,1,1,0,0
T20 #62,Super Giants vs Mumbai,Super Giants,Krunal Pandya,4,4,0,24,27,0,6.75,10,4,0,0,0
T20 #62,Super Giants vs Mumbai,Super Giants,Mohsin Khan,3,3,0,18,26,1,8.66,8,1,2,2,0
T20 #62,Super Giants vs Mumbai,Super Giants,Naveen-ul-Haq,4,4,0,24,37,0,9.25,8,1,3,0,1
T20 #62,Super Giants vs Mumbai,Super Giants,Yash Thakur,4,4,0,24,40,2,10,9,2,2,5,1
T20 #62,Super Giants vs Mumbai,Super Giants,Swapnil Singh,1,1,0,6,11,0,11,1,2,0,0,0
T20 #62,Super Giants vs Mumbai,Super Giants,Ravi Bishnoi,4,4,0,24,26,2,6.5,9,2,0,1,0
T20 #63,Capitals vs Punjab Kings,Punjab Kings,Sam Curran,4,4,0,24,36,2,9,9,4,1,1,0
T20 #63,Capitals vs Punjab Kings,Punjab Kings,Kagiso Rabada,3,3,0,18,36,0,12,8,2,4,0,0
T20 #63,Capitals vs Punjab Kings,Punjab Kings,Arshdeep Singh,2,2,0,12,21,0,10.5,4,2,1,2,0
T20 #63,Capitals vs Punjab Kings,Punjab Kings,Nathan Ellis,4,4,0,24,46,0,11.5,6,5,2,0,0
T20 #63,Capitals vs Punjab Kings,Punjab Kings,Rahul Chahar,4,4,0,24,35,0,8.75,7,4,1,0,0
T20 #63,Capitals vs Punjab Kings,Punjab Kings,Harpreet Brar,3,3,0,18,39,0,13,2,3,2,2,0
T20 #63,Capitals vs Punjab Kings,Capitals,Khaleel Ahmed,3,3,0,18,20,1,6.66,14,1,2,0,1
T20 #63,Capitals vs Punjab Kings,Capitals,Ishant Sharma,3,3,0,18,36,2,12,10,5,2,0,1
T20 #63,Capitals vs Punjab Kings,Capitals,Anrich Nortje,4,4,0,24,36,2,9,11,2,3,0,0
T20 #63,Capitals vs Punjab Kings,Capitals,Mukesh Kumar,4,4,0,24,52,0,13,8,3,5,1,0
T20 #63,Capitals vs Punjab Kings,Capitals,Axar Patel,3,3,0,18,27,1,9,3,4,0,0,0
T20 #63,Capitals vs Punjab Kings,Capitals,Kuldeep Yadav,3,3,0,18,21,0,7,4,0,1,1,0
T20 #64,Sunrisers vs RCB,RCB,Mohammed Siraj,4,4,0,24,17,1,4.25,16,2,0,2,0
T20 #64,Sunrisers vs RCB,RCB,Wayne Parnell,4,4,0,24,35,0,8.75,5,3,1,0,0
T20 #64,Sunrisers vs RCB,RCB,Michael Bracewell,2,2,0,12,13,2,6.5,5,2,0,0,0
T20 #64,Sunrisers vs RCB,RCB,Shahbaz Ahmed,3,3,0,18,38,1,12.66,4,4,2,0,0
T20 #64,Sunrisers vs RCB,RCB,Harshal Patel,4,4,0,24,37,1,9.25,4,3,1,1,0
T20 #64,Sunrisers vs RCB,RCB,Karn Sharma,3,3,0,18,45,0,15,0,1,4,1,0
T20 #64,Sunrisers vs RCB,Sunrisers,Bhuvneshwar Kumar,4,4,0,24,48,1,12,10,7,2,1,0
T20 #64,Sunrisers vs RCB,Sunrisers,Abhishek Sharma,3,3,0,18,28,0,9.33,5,3,1,1,0
T20 #64,Sunrisers vs RCB,Sunrisers,T Natarajan,4,4,0,24,34,1,8.5,6,3,1,1,0
T20 #64,Sunrisers vs RCB,Sunrisers,Kartik Tyagi,1.2,1,2,8,21,0,15.75,1,4,0,1,0
T20 #64,Sunrisers vs RCB,Sunrisers,Nitish Kumar Reddy,2,2,0,12,19,0,9.5,3,1,1,0,1
T20 #64,Sunrisers vs RCB,Sunrisers,Mayank Dagar,4,4,0,24,25,0,6.25,8,1,1,0,0
T20 #64,Sunrisers vs RCB,Sunrisers,Glenn Phillips,1,1,0,6,10,0,10,1,1,0,0,0
T20 #65,Punjab Kings vs Royals,Royals,Trent Boult,4,4,0,24,35,1,8.75,12,3,2,1,0
T20 #65,Punjab Kings vs Royals,Royals,Sandeep Sharma,4,4,0,24,46,0,11.5,6,3,3,2,1
T20 #65,Punjab Kings vs Royals,Royals,Navdeep Saini,4,4,0,24,40,3,10,9,6,1,1,0
T20 #65,Punjab Kings vs Royals,Royals,Adam Zampa,4,4,0,24,26,1,6.5,6,2,0,0,0
T20 #65,Punjab Kings vs Royals,Royals,Yuzvendra Chahal,4,4,0,24,40,0,10,9,3,3,1,0
T20 #65,Punjab Kings vs Royals,Punjab Kings,Sam Curran,4,4,0,24,46,1,11.5,9,8,1,2,0
T20 #65,Punjab Kings vs Royals,Punjab Kings,Kagiso Rabada,4,4,0,24,40,2,10,12,2,4,1,1
T20 #65,Punjab Kings vs Royals,Punjab Kings,Arshdeep Singh,4,4,0,24,40,1,10,11,4,2,3,0
T20 #65,Punjab Kings vs Royals,Punjab Kings,Nathan Ellis,4,4,0,24,34,1,8.5,8,3,1,1,0
T20 #65,Punjab Kings vs Royals,Punjab Kings,Rahul Chahar,3.4,3,4,22,28,1,7.63,5,1,1,0,0
T20 #66,Super Kings vs Capitals,Capitals,Khaleel Ahmed,4,4,0,24,45,1,11.25,9,4,3,2,1
T20 #66,Super Kings vs Capitals,Capitals,Lalit Yadav,2,2,0,12,32,0,16,1,3,2,2,0
T20 #66,Super Kings vs Capitals,Capitals,Axar Patel,3,3,0,18,32,0,10.66,3,0,3,0,0
T20 #66,Super Kings vs Capitals,Capitals,Anrich Nortje,4,4,0,24,43,1,10.75,8,4,3,0,0
T20 #66,Super Kings vs Capitals,Capitals,Chetan Sakariya,4,4,0,24,36,1,9,9,5,0,3,1
T20 #66,Super Kings vs Capitals,Capitals,Kuldeep Yadav,3,3,0,18,34,0,11.33,2,1,3,0,0
T20 #66,Super Kings vs Capitals,Super Kings,Deepak Chahar,4,4,0,24,22,3,5.5,14,2,1,0,0
T20 #66,Super Kings vs Capitals,Super Kings,Tushar Deshpande,4,4,0,24,26,1,6.5,12,4,0,1,0
T20 #66,Super Kings vs Capitals,Super Kings,Maheesh Theekshana,4,4,0,24,23,2,5.75,11,1,1,0,0
T20 #66,Super Kings vs Capitals,Super Kings,Ravindra Jadeja,4,4,0,24,50,1,12.5,4,3,4,1,0
T20 #66,Super Kings vs Capitals,Super Kings,Matheesha Pathirana,4,4,0,24,22,2,5.5,11,1,0,5,0
T20 #67,Super Giants vs KKR,KKR,Harshit Rana,3,3,0,18,21,1,7,11,3,1,0,0
T20 #67,Super Giants vs KKR,KKR,Vaibhav Arora,4,4,0,24,30,2,7.5,9,1,1,3,1
T20 #67,Super Giants vs KKR,KKR,Varun Chakravarthy,4,4,0,24,38,1,9.5,10,4,2,0,0
T20 #67,Super Giants vs KKR,KKR,Nitish Rana,1,1,0,6,3,0,3,4,0,0,0,0
T20 #67,Super Giants vs KKR,KKR,Shardul Thakur,2,2,0,12,27,2,13.5,3,0,3,1,1
T20 #67,Super Giants vs KKR,KKR,Sunil Narine,4,4,0,24,28,2,7,8,2,1,1,0
T20 #67,Super Giants vs KKR,KKR,Suyash Sharma,1,1,0,6,12,0,12,2,1,1,0,0
T20 #67,Super Giants vs KKR,KKR,Andre Russell,1,1,0,6,12,0,12,2,1,1,0,0
T20 #67,Super Giants vs KKR,Super Giants,Mohsin Khan,1,1,0,6,15,0,15,2,2,1,0,0
T20 #67,Super Giants vs KKR,Super Giants,Naveen-ul-Haq,4,4,0,24,46,0,11.5,8,6,2,0,0
T20 #67,Super Giants vs KKR,Super Giants,Krunal Pandya,4,4,0,24,30,1,7.5,9,5,0,0,0
T20 #67,Super Giants vs KKR,Super Giants,Krishnappa Gowtham,4,4,0,24,26,1,6.5,9,2,0,2,0
T20 #67,Super Giants vs KKR,Super Giants,Ravi Bishnoi,4,4,0,24,23,2,5.75,10,1,1,0,0
T20 #67,Super Giants vs KKR,Super Giants,Yash Thakur,3,3,0,18,31,2,10.33,9,1,3,3,0
T20 #68,Sunrisers vs Mumbai,Mumbai,Jason Behrendorff,3,3,0,18,36,0,12,7,4,2,3,0
T20 #68,Sunrisers vs Mumbai,Mumbai,Cameron Green,1,1,0,6,2,0,2,4,0,0,0,0
T20 #68,Sunrisers vs Mumbai,Mumbai,Chris Jordan,4,4,0,24,42,1,10.5,6,5,1,1,0
T20 #68,Sunrisers vs Mumbai,Mumbai,Akash Madhwal,4,4,0,24,37,4,9.25,7,4,1,0,1
T20 #68,Sunrisers vs Mumbai,Mumbai,Piyush Chawla,4,4,0,24,39,0,9.75,4,3,2,0,0
T20 #68,Sunrisers vs Mumbai,Mumbai,Kumar Kartikeya,4,4,0,24,39,0,9.75,6,4,1,1,0
T20 #68,Sunrisers vs Mumbai,Sunrisers,Bhuvneshwar Kumar,4,4,0,24,26,1,6.5,8,3,0,0,0
T20 #68,Sunrisers vs Mumbai,Sunrisers,Nitish Kumar Reddy,3,3,0,18,35,0,11.66,7,1,4,0,0
T20 #68,Sunrisers vs Mumbai,Sunrisers,Mayank Dagar,4,4,0,24,37,1,9.25,9,4,2,0,0
T20 #68,Sunrisers vs Mumbai,Sunrisers,Kartik Tyagi,2.5,2,5,17,41,0,14.47,4,6,1,0,3
T20 #68,Sunrisers vs Mumbai,Sunrisers,Umran Malik,3,3,0,18,41,0,13.66,3,7,1,0,0
T20 #68,Sunrisers vs Mumbai,Sunrisers,Vivrant Sharma,1,1,0,6,19,0,19,1,0,2,1,1
T20 #68,Sunrisers vs Mumbai,Sunrisers,Aiden Markram,0.1,0,1,1,1,0,6,0,0,0,0,0
T20 #69,RCB vs Titans,Titans,Mohammed Shami,4,4,0,24,39,1,9.75,9,7,0,1,0
T20 #69,RCB vs Titans,Titans,Yash Dayal,4,4,0,24,39,1,9.75,7,5,1,0,0
T20 #69,RCB vs Titans,Titans,Rashid Khan,4,4,0,24,24,1,6,5,1,0,0,0
T20 #69,RCB vs Titans,Titans,Noor Ahmad,4,4,0,24,39,2,9.75,6,4,1,2,0
T20 #69,RCB vs Titans,Titans,Mohit Sharma,4,4,0,24,54,0,13.5,2,8,1,2,0
T20 #69,RCB vs Titans,RCB,Mohammed Siraj,4,4,0,24,32,2,8,11,2,2,2,0
T20 #69,RCB vs Titans,RCB,Wayne Parnell,3.1,3,1,19,42,0,13.26,7,6,2,1,1
T20 #69,RCB vs Titans,RCB,Vijaykumar Vyshak,4,4,0,24,40,1,10,6,2,2,2,0
T20 #69,RCB vs Titans,RCB,Himanshu Sharma,3,3,0,18,28,0,9.33,4,3,1,0,0
T20 #69,RCB vs Titans,RCB,Harshal Patel,4,4,0,24,29,1,7.25,11,2,1,2,0
T20 #69,RCB vs Titans,RCB,Michael Bracewell,1,1,0,6,16,0,16,2,0,2,0,0
T20 #70,Super Kings vs Titans,Titans,Mohammed Shami,4,4,0,24,28,2,7,10,2,1,0,1
T20 #70,Super Kings vs Titans,Titans,Darshan Nalkande,4,4,0,24,44,1,11,9,4,2,0,1
T20 #70,Super Kings vs Titans,Titans,Rashid Khan,4,4,0,24,37,1,9.25,5,2,1,0,0
T20 #70,Super Kings vs Titans,Titans,Noor Ahmad,4,4,0,24,29,1,7.25,6,3,0,0,0
T20 #70,Super Kings vs Titans,Titans,Mohit Sharma,4,4,0,24,31,2,7.75,4,3,0,0,0
T20 #70,Super Kings vs Titans,Super Kings,Deepak Chahar,4,4,0,24,29,2,7.25,10,2,1,3,0
T20 #70,Super Kings vs Titans,Super Kings,Tushar Deshpande,4,4,0,24,43,1,10.75,11,6,2,2,0
T20 #70,Super Kings vs Titans,Super Kings,Maheesh Theekshana,4,4,0,24,28,2,7,8,1,1,0,0
T20 #70,Super Kings vs Titans,Super Kings,Ravindra Jadeja,4,4,0,24,18,2,4.5,12,2,0,0,0
T20 #70,Super Kings vs Titans,Super Kings,Matheesha Pathirana,4,4,0,24,37,2,9.25,9,2,1,7,0
T20 #71,Mumbai vs Super Giants,Super Giants,Krunal Pandya,4,4,0,24,38,0,9.5,7,5,1,0,0
T20 #71,Mumbai vs Super Giants,Super Giants,Krishnappa Gowtham,1,1,0,6,8,0,8,4,2,0,0,0
T20 #71,Mumbai vs Super Giants,Super Giants,Naveen-ul-Haq,4,4,0,24,38,4,9.5,10,3,2,3,0
T20 #71,Mumbai vs Super Giants,Super Giants,Yash Thakur,4,4,0,24,34,3,8.5,12,3,2,2,0
T20 #71,Mumbai vs Super Giants,Super Giants,Mohsin Khan,3,3,0,18,24,1,8,9,1,2,0,0
T20 #71,Mumbai vs Super Giants,Super Giants,Ravi Bishnoi,4,4,0,24,30,0,7.5,4,1,1,1,0
T20 #71,Mumbai vs Super Giants,Mumbai,Jason Behrendorff,3,3,0,18,21,0,7,7,3,0,0,0
T20 #71,Mumbai vs Super Giants,Mumbai,Akash Madhwal,3.3,3,3,21,5,5,1.42,17,0,0,0,0
T20 #71,Mumbai vs Super Giants,Mumbai,Chris Jordan,2,2,0,12,7,1,3.5,9,1,0,0,0
T20 #71,Mumbai vs Super Giants,Mumbai,Cameron Green,3,3,0,18,15,0,5,7,1,0,0,0
T20 #71,Mumbai vs Super Giants,Mumbai,Hrithik Shokeen,1,1,0,6,18,0,18,1,2,1,1,0
T20 #71,Mumbai vs Super Giants,Mumbai,Piyush Chawla,4,4,0,24,28,1,7,9,2,1,2,0
T20 #72,Titans vs Mumbai,Mumbai,Jason Behrendorff,4,4,0,24,28,0,7,8,4,0,0,0
T20 #72,Titans vs Mumbai,Mumbai,Cameron Green,3,3,0,18,35,0,11.66,4,3,2,0,0
T20 #72,Titans vs Mumbai,Mumbai,Akash Madhwal,4,4,0,24,52,1,13,7,3,4,0,2
T20 #72,Titans vs Mumbai,Mumbai,Chris Jordan,4,4,0,24,56,0,14,6,6,3,4,0
T20 #72,Titans vs Mumbai,Mumbai,Piyush Chawla,3,3,0,18,45,1,15,0,2,3,1,0
T20 #72,Titans vs Mumbai,Mumbai,Kumar Kartikeya,2,2,0,12,15,0,7.5,2,0,1,0,0
T20 #72,Titans vs Mumbai,Titans,Mohammed Shami,3,3,0,18,41,2,13.66,6,6,2,0,0
T20 #72,Titans vs Mumbai,Titans,Hardik Pandya,2,2,0,12,24,0,12,4,3,1,1,0
T20 #72,Titans vs Mumbai,Titans,Rashid Khan,4,4,0,24,33,2,8.25,8,5,0,1,0
T20 #72,Titans vs Mumbai,Titans,Noor Ahmad,4,4,0,24,35,0,8.75,8,1,2,1,1
T20 #72,Titans vs Mumbai,Titans,Josh Little,3,3,0,18,26,1,8.66,6,2,1,1,0
T20 #72,Titans vs Mumbai,Titans,Mohit Sharma,2.2,2,2,14,10,5,4.28,9,0,1,0,0
T20 #73,Titans vs Super Kings,Super Kings,Deepak Chahar,4,4,0,24,38,1,9.5,5,3,1,0,0
T20 #73,Titans vs Super Kings,Super Kings,Tushar Deshpande,4,4,0,24,56,0,14,4,7,3,0,0
T20 #73,Titans vs Super Kings,Super Kings,Maheesh Theekshana,4,4,0,24,36,0,9,8,3,2,0,0
T20 #73,Titans vs Super Kings,Super Kings,Ravindra Jadeja,4,4,0,24,38,1,9.5,3,3,1,0,0
T20 #73,Titans vs Super Kings,Super Kings,Matheesha Pathirana,4,4,0,24,44,2,11,7,4,2,2,0
T20 #73,Titans vs Super Kings,Titans,Mohammed Shami,3,3,0,18,29,0,9.66,5,4,0,0,0
T20 #73,Titans vs Super Kings,Titans,Hardik Pandya,1,1,0,6,14,0,14,1,1,1,1,0
T20 #73,Titans vs Super Kings,Titans,Rashid Khan,3,3,0,18,44,0,14.66,2,4,3,0,0
T20 #73,Titans vs Super Kings,Titans,Noor Ahmad,3,3,0,18,17,2,5.66,6,0,0,3,0
T20 #73,Titans vs Super Kings,Titans,Josh Little,2,2,0,12,30,0,15,1,0,3,0,0
T20 #73,Titans vs Super Kings,Titans,Mohit Sharma,3,3,0,18,36,3,12,4,2,3,0,0